"Genus","Species","Variety","Name","CBS","SporeType","SporeName","SporeDim1_min2","SporeDim1_min","SporeDim1_max","SporeDim1_max2","SporeDim2_min2","SporeDim2_min","SporeDim2_max","SporeDim2_max2","Spore_units","SporeArea","Diameter1","Diameter2","Diam_units","ColonyArea","Comments","Growing_days","Temperature","Media","ColonyComments","Phylum"
"Acremonium","berkeleyanum","","Acremonium berkeleyanum","148.62","asexual","conidia",NA,3.5,5.8,8.1,NA,1.5,2.5,NA,"um",7.30420291959627,1,2,"cm",1.5707963267949,"",10,20,"MEA","","Ascomycota"
"Acremonium","cerealis","","Acremonium cerealis","208.7","asexual","conidia",NA,4,5.3,NA,NA,2.5,3.7,NA,"um",11.3215145253742,1,1.4,"cm",1.09955742875643,"",10,20,"MEA","","Ascomycota"
"Acremonium","furcatum","","Acremonium furcatum","","asexual","conidia",NA,3,3.7,NA,NA,1.6,2.1,NA,"um",4.86750511765569,1.8,2.4,"cm",3.39292006587698,"",10,20,"MEA","","Ascomycota"
"Acremonium","fusidioides","","Acremonium fusidioides","991.69","asexual","globose_conidia",NA,3.4,4.7,NA,NA,3.4,4.7,NA,"um",12.8824933751266,0.8,1,"cm",0.628318530717959,"",10,20,"MEA","","Ascomycota"
"Acremonium","fusidioides","","Acremonium fusidioides","991.69","asexual","fusiform_conidia",NA,4.9,6.4,NA,NA,1.2,2.1,NA,"um",7.32187437827271,0.8,1,"cm",0.628318530717959,"",10,20,"MEA","","Ascomycota"
"Acremonium","kiliense","","Acremonium kiliense","","asexual","conidia",NA,3.1,5.8,NA,NA,1,1.6,NA,"um",4.54352837525424,1.8,2.3,"cm",3.25154839646544,"",10,20,"MEA","","Ascomycota"
"Acremonium","luzulae","","Acremonium luzulae","","asexual","conidia",NA,5.2,8.2,NA,NA,1.9,2.8,NA,"um",12.3660940826928,0.8,1,"cm",0.628318530717959,"",10,NA,"MEA","","Ascomycota"
"Acremonium","murorum","","Acremonium murorum","","asexual","conidia",NA,3.4,5.7,NA,NA,2,3.7,NA,"um",10.1846506838564,1.8,2.8,"cm",3.95840674352314,"",10,20,"MEA","","Ascomycota"
"Acremonium","rutilum","","Acremonium rutilum","394.66","asexual","conidia",NA,3,6,NA,NA,2,3.3,NA,"um",9.36587309851457,1,2,"cm",1.5707963267949,"",10,20,"MEA","","Ascomycota"
"Acremonium","strictum","","Acremonium strictum","","asexual","conidia",NA,3.3,5.5,NA,NA,0.9,1.8,NA,"um",4.66526509058084,1.6,2.5,"cm",3.14159265358979,"",10,20,"MEA","","Ascomycota"
"Acrophialophora","fusispora","","Acrophialophora fusispora","","asexual","conidia",NA,5,12,NA,NA,3,6,NA,"um",30.0414797499524,4,7,"cm",21.9911485751286,"",14,25,"MEA","","Ascomycota"
"Acrostalagamus","luteoalbus","","Acrostalagamus luteoalbus","","asexual","conidia",NA,3.5,5,NA,NA,2,2.5,NA,"um",7.5103699374881,3.5,4,"cm",10.9955742875643,"",10,20,"MEA","","Ascomycota"
"Actinomucor","elegans","","Actinomucor elegans","","asexual","conidia",NA,6,8,NA,NA,6,8,NA,"um",38.484510006475,NA,NA,"cm",NA,"",NA,NA,NA,"","Ascomycota"
"Ajellomyces","capsulatus","","Ajellomyces capsulatus","213.53/137.72","sexual","ascospores",NA,1.5,2.5,NA,NA,1.5,2.5,NA,"um",3.14159265358979,1.8,1.8,"cm",2.54469004940773,"",14,25,"4%MEA","","Ascomycota"
"Ajellomyces","capsulatus","","Ajellomyces capsulatus","213.53/137.72","asexual","conidia",NA,2,6,NA,NA,2,6,NA,"um",12.5663706143592,1.8,1.8,"cm",2.54469004940773,"",14,25,"4%MEA","","Ascomycota"
"Alternaria","alternata","","Alternaria alternata","326.65","asexual","conidia",NA,18,63,NA,NA,7,18,NA,"um",397.607820219958,6,6,"cm",28.2743338823081,"aggregate",7,26,"MEA","aggregate","Ascomycota"
"Alternaria","tenuissima","","Alternaria tenuissima","795.72","asexual","conidia",NA,3,5,10,NA,2,4,NA,"um",9.42477796076938,6,7,"cm",32.9867228626928,"",7,26,"MEA","","Ascomycota"
"Amorphotheca","resinae","","Amorphotheca resinae","624.7","asexual","conidia",NA,3,7,NA,NA,2,4,NA,"um",11.7809724509617,2,3,"cm",4.71238898038469,"",10,20,"MEA","","Ascomycota"
"Aphanoascus","fulvescens","","Aphanoascus fulvescens","","asexual","conidia",NA,10,12,NA,NA,7,8,NA,"um",64.7953484802895,2.5,3.5,"cm",6.87223392972767,"",14,25,"MEA","","Ascomycota"
"Aphanomyces","euteiches","","Aphanomyces euteiches","","sexual/asexual","oospore",18,20,23,25,18,20,23,25,"um",363.05030103047,3,3.5,"cm",8.24668071567321,"",3,20,"OA","","Oomycota"
"Apiosordaria","verruculosa","","Apiosordaria verruculosa","184.66","sexual","ascospores",NA,26,29,NA,NA,11,17,NA,"um",302.378292908018,5.5,5.5,"cm",23.7582944427728,"",5,20,"OA","","Ascomycota"
"Apiosordaria","verruculosa","","Apiosordaria verruculosa","184.66","asexual","conidia",NA,2.5,3.5,NA,NA,1.7,2.5,NA,"um",4.94800842940392,5.5,5.5,"cm",23.7582944427728,"",5,20,"OA","","Ascomycota"
"Apiospora","montagnei","","Apiospora montagnei","372.67","sexual","ascospores",NA,19,33,NA,NA,7,11,NA,"um",183.783170235003,4.5,5,"cm",17.6714586764426,"",10,20,"OA","","Ascomycota"
"Apiospora","montagnei","","Apiospora montagnei","372.67","asexual","conidia",NA,5.5,8,NA,NA,3,4.5,NA,"um",19.8803910109979,4.5,5,"cm",17.6714586764426,"",10,20,"OA","","Ascomycota"
"Arachniotus","ruber","","Arachniotus ruber","112.69","sexual","ascospores",NA,5.5,7,NA,NA,4,5,NA,"um",22.0893233455532,1.7,1.7,"cm",2.26980069221863,"",10,20,"OA","","Ascomycota"
"Arachniotus","ruber","","Arachniotus ruber","112.69","asexual","conidia",NA,NA,NA,NA,NA,NA,NA,NA,"um",NA,1.7,1.7,"cm",2.26980069221863,"",10,20,"OA","","Ascomycota"
"Arhrinium","phaeospermum","","Arhrinium phaeospermum","","asexual","conidia",NA,8,12,NA,NA,5,7,NA,"um",47.1238898038469,5,5,"cm",19.6349540849362,"",5,20,"OA","","Ascomycota"
"Arthrobotrys","arthrobotryoides","","Arthrobotrys arthrobotryoides","109.52","asexual","conidia",NA,7,30,NA,NA,10,14,16,"um",174.358392274234,4,4,"cm",12.5663706143592,"",5,20,"OA","","Ascomycota"
"Arthrobotrys","conoides","","Arthrobotrys conoides","","asexual","conidia",NA,18,36,NA,NA,8,15,NA,"um",243.866129734908,5,5,"cm",19.6349540849362,"",10,20,"OA","","Ascomycota"
"Arthrobotrys","oligospora","","Arthrobotrys oligospora","879.68/106.49","asexual","conidia",NA,22,27,NA,NA,8,15,NA,"um",221.285932537231,6.5,6.5,"cm",33.1830724035422,"",10,20,"OA","","Ascomycota"
"Arthrobotrys","psychrophila","","Arthrobotrys psychrophila","548.63","asexual","conidia",NA,46,71,NA,NA,21,29,NA,"um",1148.64481396877,4,4,"cm",12.5663706143592,"",10,20,"MEA","","Ascomycota"
"Arthrobotrys","superba","","Arthrobotrys superba","","asexual","conidia",NA,12,22,NA,NA,6,11,NA,"um",113.490034610931,5,5,"cm",19.6349540849362,"",5,20,"OA","","Ascomycota"
"Arthroderma","cuniculi","","Arthroderma cuniculi","492.71","sexual","ascospores",NA,2.2,2.9,NA,NA,1.4,2,NA,"um",3.40470103832794,4.5,5.5,"cm",19.4386045440868,"",14,25,NA,"","Ascomycota"
"Arthroderma","cuniculi","","Arthroderma cuniculi","492.71","asexual","conidia",NA,2.4,5.3,NA,NA,1.2,2,NA,"um",4.83805268652828,4.5,5.5,"cm",19.4386045440868,"",14,25,NA,"","Ascomycota"
"Arthroderma","curreyi","","Arthroderma curreyi","130.7","asexual","conidia",NA,2.5,6,NA,NA,1.5,2,NA,"um",5.84139884026852,6,7,"cm",32.9867228626928,"",14,25,NA,"","Ascomycota"
"Arthroderma","insingulare","","Arthroderma insingulare","521.71","asexual","conidia",NA,6,30,NA,NA,2,5,NA,"um",49.4800842940392,3.7,3.7,"cm",10.7521008569111,"",9,24,"2% MEA","","Ascomycota"
"Arthroderma","lenticulare","","Arthroderma lenticulare","307.63","sexual","ascospores",NA,2,3,NA,NA,1.8,2.5,NA,"um",4.22151512826128,3.6,3.6,"cm",10.1787601976309,"",9,24,"2% MEA","","Ascomycota"
"Arthroderma","lenticulare","","Arthroderma lenticulare","307.63","asexual","conidia",NA,3,6.5,NA,NA,1.5,3.5,NA,"um",9.3266031903447,3.6,3.6,"cm",10.1787601976309,"",9,24,"2% MEA","","Ascomycota"
"Arthroderma","quadrifidum","","Arthroderma quadrifidum","613.74 x 2523","sexual","ascospores",NA,2,3,NA,NA,1.8,2.5,NA,"um",4.22151512826128,4,5,"cm",15.707963267949,"",14,25,NA,"","Ascomycota"
"Arthroderma","quadrifidum","","Arthroderma quadrifidum","613.74 x 2523","asexual","conidia",NA,3,6.5,NA,NA,1.5,3.5,NA,"um",9.3266031903447,4,5,"cm",15.707963267949,"",14,25,NA,"","Ascomycota"
"Arthroderma","tuberculatum","","Arthroderma tuberculatum","314.65","asexual","conidia",NA,10,15,NA,NA,7,10,NA,"um",83.4485548609789,4,5,"cm",15.707963267949,"",14,25,NA,"","Ascomycota"
"Arthroderma","unicatum","","Arthroderma unicatum","315.65","asexual","conidia",NA,6,13,NA,NA,3.5,7,NA,"um",39.1717333994477,7,7.5,"cm",41.233403578366,"",14,25,NA,"","Ascomycota"
"Aspergillus","candidus","","Aspergillus candidus","102.13","asexual","conidia",NA,2.5,3.5,4,NA,2.5,3.5,NA,"um",7.06858347057703,1.5,3,"cm",3.53429173528852,"",14,25,"CzA","","Ascomycota"
"Aspergillus","carneus","","Aspergillus carneus","494.65","asexual","conidia",NA,2.4,2.8,NA,NA,2.4,2.8,NA,"um",5.30929158456675,4,5,"cm",15.707963267949,"",14,25,"CzA","","Ascomycota"
"Aspergillus","clavatus","","Aspergillus clavatus","114.48","asexual","conidia",NA,3,4.5,NA,NA,2.5,3.5,NA,"um",8.83572933822129,3,3.5,"cm",8.24668071567321,"",10,25,"CzA","","Ascomycota"
"Aspergillus","flavipes","","Aspergillus flavipes","587.65","sexual","ascospores",NA,6.4,8,NA,NA,5.6,6.4,NA,"um",33.9292006587698,3,5,"cm",11.7809724509617,"",12,25,"CzA/MEA","","Ascomycota"
"Aspergillus","flavipes","","Aspergillus flavipes","587.65","asexual","conidia",NA,NA,NA,NA,NA,NA,NA,NA,"",NA,3,5,"cm",11.7809724509617,"",12,25,"CzA/MEA","","Ascomycota"
"Aspergillus","flavus","","Aspergillus flavus","","asexual","conidia",NA,3.5,4.5,NA,NA,3.5,4.5,NA,"um",12.5663706143592,6,7,"cm",32.9867228626928,"",10,25,"MEA","","Ascomycota"
"Aspergillus","fumigatus","","Aspergillus fumigatus","192.65","asexual","conidia",NA,2.5,3,NA,NA,2.5,3,NA,"um",5.9395736106932,7,7,"cm",38.484510006475,"",10,25,"CzA","","Ascomycota"
"Aspergillus","japonicus","","Aspergillus japonicus","568.65","asexual","conidia",NA,3,3.5,NA,NA,3,3.5,NA,"um",8.29576810088555,7,8,"cm",43.9822971502571,"",10,25,"MEA","","Ascomycota"
"Aspergillus","melleus","","Aspergillus melleus","546.65","asexual","conidia",NA,2.8,3.5,NA,NA,2.8,3.5,NA,"um",7.79311327631118,6,7,"cm",32.9867228626928,"",10,25,"MEA","","Ascomycota"
"Aspergillus","niger","","Aspergillus niger","117.48","asexual","conidia",NA,4,5,NA,NA,4,5,NA,"um",15.9043128087983,5,6,"cm",23.5619449019234,"",10,25,"MEA","","Ascomycota"
"Aspergillus","niveus","","Aspergillus niveus","","asexual","conidia",NA,2.4,3.2,NA,NA,2.4,3.2,NA,"um",6.15752160103599,2.5,3,"cm",5.89048622548086,"",14,NA,"CzA/MEA","","Ascomycota"
"Aspergillus","ochraceus","","Aspergillus ochraceus","547.65","asexual","conidia",NA,2.5,3,NA,NA,2.5,3,NA,"um",5.9395736106932,4.5,5,"cm",17.6714586764426,"",12,25,"MEA","","Ascomycota"
"Aspergillus","oryzae","","Aspergillus oryzae","134.52","asexual","conidia",NA,5,6,NA,NA,5,6,NA,"um",23.7582944427728,5,6,"cm",23.5619449019234,"",10,25,"CzA","","Ascomycota"
"Aspergillus","parasiticus","","Aspergillus parasiticus","571.65","asexual","conidia",NA,5,5,NA,NA,5,5,NA,"um",19.6349540849362,5,6,"cm",23.5619449019234,"",9,25,"MEA","conidia measured by figure 50","Ascomycota"
"Aspergillus","restrictus","","Aspergillus restrictus","","asexual","conidia",NA,4.5,5,NA,NA,3,3.5,NA,"um",12.1245841474481,1.5,1.5,"cm",1.76714586764426,"",21,25,"CzA","","Ascomycota"
"Aspergillus","sclerotiorum","","Aspergillus sclerotiorum","549.65","asexual","conidia",NA,2,3,NA,NA,2,3,NA,"um",4.90873852123405,4,4.5,"cm",14.1371669411541,"",14,NA,"CzA","","Ascomycota"
"Aspergillus","sydowii","","Aspergillus sydowii","129.55","asexual","conidia",NA,3.1,3.1,NA,NA,3.1,3.1,NA,"um",7.54767635024948,4,5,"cm",15.707963267949,"",14,25,"MEA","conidia measured by figure 53","Ascomycota"
"Aspergillus","tamarii","","Aspergillus tamarii","","asexual","conidia",NA,5,6.5,NA,NA,5,6.5,NA,"um",25.9672267773281,6,7,"cm",32.9867228626928,"",12,25,"MEA","","Ascomycota"
"Aspergillus","terreus","","Aspergillus terreus","383.75","asexual","conidia",NA,1.8,2.4,NA,NA,1.8,2.4,NA,"um",3.46360590058275,6,7,"cm",32.9867228626928,"",10,25,"MEA","","Ascomycota"
"Aspergillus","ustus","","Aspergillus ustus","","asexual","conidia",NA,3.2,4.5,NA,NA,3.2,4.5,NA,"um",11.6415642769587,5,7,"cm",27.4889357189107,"",14,25,"MEA","","Ascomycota"
"Aspergillus","versicolor","","Aspergillus versicolor","","asexual","conidia",NA,2,3,NA,NA,2,3,NA,"um",4.90873852123405,4.5,4.5,"cm",15.9043128087983,"",14,25,"","","Ascomycota"
"Aspergillus","wentii","","Aspergillus wentii","226.67","asexual","conidia",NA,4.5,5,NA,NA,4.5,5,NA,"um",17.7205460616549,2,3.5,"cm",5.49778714378214,"",10,25,"CzA","","Ascomycota"
"Athelia","rolfsii","","Athelia rolfsii","214.52","sexual","basidiospores",NA,4.5,6.8,NA,NA,3.5,4.5,NA,"um",17.7499984927823,9,9,"cm",63.6172512351933,"",3,23,NA,"","Basidiomycota"
"Athelia","rolfsii","","Athelia rolfsii","214.52","asexual","conidia",NA,NA,NA,NA,NA,NA,NA,NA,"",NA,9,9,"cm",63.6172512351933,"",3,23,NA,"","Ascomycota"
"Aureobasidium","pullulans","","Aureobasidium pullulans","","asexual","conidia",7.5,9,11,16,3.5,4.5,5.5,7,"um",39.2699081698724,4,4,"cm",12.5663706143592,"",7,24,"MEA","","Ascomycota"
"Auxarthron","umbrinum","","Auxarthron umbrinum","","sexual","ascospores",NA,2.1,3.6,NA,NA,2.1,3.6,NA,"um",6.37939658219577,1.5,2.2,"cm",2.59181393921158,"",10,20,"OA","","Ascomycota"
"Auxarthron","umbrinum","","Auxarthron umbrinum","","asexual","conidia",NA,NA,NA,NA,NA,NA,NA,NA,"",NA,1.5,2.2,"cm",2.59181393921158,"",10,20,"OA","","Ascomycota"
"Beauveria","bassiana","","Beauveria bassiana","337.32","asexual","conidia",NA,2,3,NA,NA,2,3,NA,"um",4.90873852123405,0.6,2.3,"cm",1.08384946548848,"",8,20,NA,"","Ascomycota"
"Beauveria","brongniartii","","Beauveria brongniartii","","asexual","conidia",NA,2.5,4.5,NA,NA,2,2.5,NA,"um",6.18501053675491,1,1.6,"cm",1.25663706143592,"",8,20,"MEA","","Ascomycota"
"Botryosphaeria","rhodina","","Botryosphaeria rhodina","456.78","asexual","conidia",NA,22,28,NA,NA,12,15,NA,"um",265.071880146639,9,9,"cm",63.6172512351933,"",5,25,"OA","","Ascomycota"
"Botryotrichum","piluliferum","","Botryotrichum piluliferum","","sexual","ascospores",NA,13,16,NA,NA,8,10.5,NA,"um",105.341528665683,2,4.3,"cm",6.75442420521806,"",7,20,NA,"","Ascomycota"
"Botryotrichum","piluliferum","","Botryotrichum piluliferum","","asexual","conidia",NA,NA,NA,NA,NA,NA,NA,NA,"",NA,2,4.3,"cm",6.75442420521806,"",7,20,NA,"","Ascomycota"
"Botrytis","cinerea","","Botrytis cinerea","","asexual","conidia",NA,8,14,NA,NA,6,9,NA,"um",64.7953484802895,6,6,"cm",28.2743338823081,"",10,20,"OA","","Ascomycota"
"Broomella","acuta","Truncatella","Broomella acuta Truncatella","","asexual","conidia",NA,17,19,21,NA,6,8,NA,"um",98.9601685880785,5.3,5.3,"cm",22.0618344098343,"",10,20,"OA","","Ascomycota"
"Cadophora","fastigiata","","Cadophora fastigiata","226.3","asexual","conidia",NA,4,5.5,6.7,NA,2,3,3.8,"um",9.3266031903447,2.3,2.5,"cm",4.51603943953533,"",10,20,"MEA","","Ascomycota"
"Cadophora","malorum","","Cadophora malorum","260.32","asexual","conidia",NA,4,7,NA,NA,1.5,2.5,3,"um",8.63937979737193,2,2.3,"cm",3.61283155162826,"",10,20,"MEA","","Ascomycota"
"Cadophora","tropica","","Cadophora tropica","","asexual","conidia",NA,28,45,60,NA,14,21,NA,"um",501.67307687012,1.2,1.2,"cm",1.13097335529233,"",1,25,NA,"","Ascomycota"
"Ceratocystis","fimbriata","","Ceratocystis fimbriata","103.4","asexual","chlamydospore",NA,10,20,NA,NA,7.5,13,NA,"um",120.754967622358,4,4,"cm",12.5663706143592,"",10,24,"MEA","",NA
"Ceratocystis","fimbriata","","Ceratocystis fimbriata","103.4","asexual","doliiform_conidia",NA,5,11,NA,NA,5,10,NA,"um",47.1238898038469,4,4,"cm",12.5663706143592,"",10,24,"MEA","","Ascomycota"
"Ceratocystis","fimbriata","","Ceratocystis fimbriata","103.4","sexual","ascospores",NA,4.5,8,NA,NA,3.5,6.5,NA,"um",24.5436926061703,4,4,"cm",12.5663706143592,"",10,24,"MEA","","Ascomycota"
"Ceratocystis","fimbriata","","Ceratocystis fimbriata","103.4","asexual","cylindrical_conidia",NA,11,16,25,NA,3.5,5,7,"um",45.0622196249286,4,4,"cm",12.5663706143592,"",10,24,"MEA","","Ascomycota"
"Chaetomidium","fimeti","","Chaetomidium fimeti","827.71","sexual","ascospores",NA,7.5,10,NA,NA,5.5,6.5,NA,"um",41.233403578366,7,7,"cm",38.484510006475,"",10,20,"OA","","Ascomycota"
"Chaetomidium","fimeti","","Chaetomidium fimeti","827.71","asexual","conidia",NA,NA,NA,NA,NA,NA,NA,NA,"",NA,7,7,"cm",38.484510006475,"",10,20,"OA","","Ascomycota"
"Chaetomium","botrychodes","","Chaetomium botrychodes","188.63","sexual","ascospores",NA,6.5,8.5,NA,NA,6.5,7.5,NA,"um",41.233403578366,3.5,3.5,"cm",9.62112750161874,"",10,20,"OA","","Ascomycota"
"Chaetomium","botrychodes","","Chaetomium botrychodes","188.63","asexual","conidia",NA,NA,NA,NA,NA,NA,NA,NA,"",NA,3.5,3.5,"cm",9.62112750161874,"",10,20,"OA","","Ascomycota"
"Chaetomium","cochliodes","","Chaetomium cochliodes","","sexual","ascospores",NA,8,10,NA,NA,7,8,NA,"um",53.0143760293278,9,9,"cm",63.6172512351933,"",5,20,"OA","","Ascomycota"
"Chaetomium","cochliodes","","Chaetomium cochliodes","","asexual","conidia",NA,NA,NA,NA,NA,NA,NA,NA,"",NA,9,9,"cm",63.6172512351933,"",5,20,"OA","","Ascomycota"
"Chaetomium","crispatum","","Chaetomium crispatum","369.77","asexual","conidia",NA,9,12,NA,NA,6,9.5,NA,"um",63.9117755464674,5,5,"cm",19.6349540849362,"",10,20,"OA","","Ascomycota"
"Chaetomium","elatum","","Chaetomium elatum","154.59","sexual","ascospores",NA,10,12.5,NA,NA,8,9.5,NA,"um",77.3126317094363,4,4,"cm",12.5663706143592,"",5,20,"OA","","Ascomycota"
"Chaetomium","elatum","","Chaetomium elatum","154.59","asexual","conidia",NA,NA,NA,NA,NA,NA,NA,NA,"",NA,4,4,"cm",12.5663706143592,"",5,20,"OA","","Ascomycota"
"Chaetomium","funicola","","Chaetomium funicola","166.49","sexual","ascospores",NA,5.5,6.5,NA,NA,3.5,5,NA,"um",20.0276531666349,3,3.5,"cm",8.24668071567321,"",10,20,"OA","","Ascomycota"
"Chaetomium","funicola","","Chaetomium funicola","166.49","asexual","conidia",NA,NA,NA,NA,NA,NA,NA,NA,"",NA,3,3.5,"cm",8.24668071567321,"",10,20,"OA","","Ascomycota"
"Chaetomium","globosum","","Chaetomium globosum","158.51","sexual","ascospores",NA,9.3,10.5,NA,NA,8,9,NA,"um",66.0912554498953,5.5,5.5,"cm",23.7582944427728,"",10,20,"OA","","Ascomycota"
"Chaetomium","globosum","","Chaetomium globosum","158.51","asexual","conidia",NA,NA,NA,NA,NA,NA,NA,NA,"",NA,5.5,5.5,"cm",23.7582944427728,"",10,20,"OA","","Ascomycota"
"Chaetomium","indicum","","Chaetomium indicum","212.74","sexual","ascospores",NA,5,7,NA,NA,4,5.5,6,"um",22.3838476568273,3,3,"cm",7.06858347057703,"",10,20,"OA","","Ascomycota"
"Chaetomium","indicum","","Chaetomium indicum","212.74","asexual","conidia",NA,NA,NA,NA,NA,NA,NA,NA,"",NA,3,3,"cm",7.06858347057703,"",10,20,"OA","","Ascomycota"
"Chaetomium","nozdrenkoae","","Chaetomium nozdrenkoae","447.66 x 448.66","sexual","ascospores",NA,13,25,NA,NA,7,16,NA,"um",171.609498702342,3.5,3.5,"cm",9.62112750161874,"",10,20,"OA","","Ascomycota"
"Chaetomium","nozdrenkoae","","Chaetomium nozdrenkoae","447.66 x 448.66","asexual","conidia",NA,NA,NA,NA,NA,NA,NA,NA,"",NA,3.5,3.5,"cm",9.62112750161874,"",10,20,"OA","","Ascomycota"
"Chaetomium","seminudum","","Chaetomium seminudum","549.64","sexual","ascospores",NA,7.5,9,NA,NA,4,6,NA,"um",32.3976742401447,3,3.5,"cm",8.24668071567321,"",10,20,"OA","","Ascomycota"
"Chaetomium","seminudum","","Chaetomium seminudum","549.64","asexual","conidia",NA,NA,NA,NA,NA,NA,NA,NA,"",NA,3,3.5,"cm",8.24668071567321,"",10,20,"OA","","Ascomycota"
"Chaetomium","tetrasporum","","Chaetomium tetrasporum","351.77","sexual","ascospores",NA,10,14,NA,NA,7,9,NA,"um",75.398223686155,4.8,4.8,"cm",18.0955736846772,"",10,20,"OA","","Ascomycota"
"Chaetomium","tetrasporum","","Chaetomium tetrasporum","351.77","asexual","conidia",NA,NA,NA,NA,NA,NA,NA,NA,"",NA,4.8,4.8,"cm",18.0955736846772,"",10,20,"OA","","Ascomycota"
"Chaetosphaeria","vermicularoides","var. caudigerum","Chaetosphaeria vermicularoides var. caudigerum",NA,"asexual","conidia",NA,3.5,5,NA,NA,1.8,2.5,NA,"um",7.17657571804418,1.2,2.5,"cm",2.35619449019234,"",14,21,NA,"teleomorph_name","Ascomycota"
"Chaetosphaeria","vermicularoides","var. chlamydosporum","Chaetosphaeria vermicularoides var. chlamydosporum",NA,"asexual","conidia",NA,3,5,NA,NA,1.7,2.7,NA,"um",6.91150383789755,1.2,2.5,"cm",2.35619449019234,"",14,21,NA,"teleomorph_name","Ascomycota"
"Chaetosphaeria","vermicularoides","var. virescens","Chaetosphaeria vermicularoides var. virescens",NA,"asexual","conidia",NA,2.7,3.8,NA,NA,2,2.5,NA,"um",5.74322406984384,1.2,2.5,"cm",2.35619449019234,"",14,21,NA,"teleomorph_name","Ascomycota"
"Cheilymenia","pulcherrima","","Cheilymenia pulcherrima","864.68","asexual","chlamydospore",NA,23,30,NA,NA,18,22,NA,"um",416.261026600648,5,5,"cm",19.6349540849362,"",4,20,"MEA","",NA
"Cheilymenia","pulcherrima","","Cheilymenia pulcherrima","864.68","sexual","ascospores",NA,21,30,NA,NA,12,18,NA,"um",300.414797499524,5,5,"cm",19.6349540849362,"",4,20,"MEA","","Ascomycota"
"Cheilymenia","pulcherrima","","Cheilymenia pulcherrima","864.68","asexual","conidia",NA,NA,NA,NA,NA,NA,NA,NA,"",NA,5,5,"cm",19.6349540849362,"",4,20,"MEA","","Ascomycota"
"Chrysosporium","merdarium","","Chrysosporium merdarium","225.74","asexual","conidia",NA,5,6,NA,NA,4,5,NA,"um",19.4386045440868,3,4.5,"cm",10.6028752058656,"",14,25,"phytone yeast extract","","Ascomycota"
"Cladorrhinum","foecundissimum","","Cladorrhinum foecundissimum","180.66","asexual","conidia",NA,2.5,3,NA,NA,2.5,3,NA,"um",5.9395736106932,0.6,1.1,"cm",0.518362787842316,"",1,24,"OA","","Ascomycota"
"Cladosporium","cladosporioides","","Cladosporium cladosporioides","","asexual","conidia",NA,3,7,11,NA,2,4,5,"um",11.7809724509617,3,4,"cm",9.42477796076938,"",10,20,"MEA","","Ascomycota"
"Cladosporium","herbarum","","Cladosporium herbarum","572.78","asexual","conidia",NA,5.5,13,NA,NA,3.8,6,NA,"um",35.5981717559893,3,3.7,"cm",8.71791961371168,"",10,20,"MEA","","Ascomycota"
"Cladosporium","macrocarpum","","Cladosporium macrocarpum","","asexual","conidia",NA,7,17,NA,NA,5,8,NA,"um",61.261056745001,2.5,3.5,"cm",6.87223392972767,"",10,20,"MEA","","Ascomycota"
"Cladosporium","sphaerospermum","","Cladosporium sphaerospermum","192.54","asexual","conidia",NA,3,4,7,NA,3,4,NA,"um",9.62112750161874,1.5,2,"cm",2.35619449019234,"",10,20,"MEA","","Ascomycota"
"Clonostachys","candelabrum","","Clonostachys candelabrum","","asexual","conidia",NA,3.9,5,NA,NA,2.4,3.1,NA,"um",9.61131002457627,2.1,2.7,"cm",4.45320758646353,"",10,20,"MEA","","Ascomycota"
"Clonostachys","rosea","f. catenulata","Clonostachys rosea f. catenulata","227.48","asexual","conidia",NA,4,7.5,NA,NA,3,4,4.5,"um",15.8061380383736,2.5,3.5,"cm",6.87223392972767,"",10,20,"MEA","","Ascomycota"
"Clonostachys","rosea","f. Rosea","Clonostachys rosea f. Rosea","","asexual","conidia",3.2,5,7,8.4,NA,3,4,4.8,"um",16.4933614313464,2.5,3.5,"cm",6.87223392972767,"",10,20,"MEA","","Ascomycota"
"Coccidioides","immitis","","Coccidioides immitis","711.73","asexual","conidia",NA,6,8,15,NA,2,4,NA,"um",16.4933614313464,3.7,3.7,"cm",10.7521008569111,"",14,25,"4%MEA","","Ascomycota"
"Cochliolobus","geniculatus","","Cochliolobus geniculatus","173.56","asexual","conidia",NA,18,37,48,NA,8,14,NA,"um",237.582944427728,3.5,3.5,"cm",9.62112750161874,"",5,25,"OA","","Ascomycota"
"Cochliolobus","lunatus","","Cochliolobus lunatus","144.63","asexual","conidia",NA,20,30,NA,NA,9,15,NA,"um",235.619449019234,6,6,"cm",28.2743338823081,"",5,25,"OA","","Ascomycota"
"Cochliolobus","sativus","","Cochliolobus sativus","510.65","asexual","conidia",NA,60,100,NA,NA,18,23,NA,"um",1288.05298797182,5.5,5.5,"cm",23.7582944427728,"",10,20,"OA","","Ascomycota"
"Cochliolobus","spicifer","","Cochliolobus spicifer","","asexual","conidia",NA,25,40,NA,NA,9,20,NA,"um",370.118884501047,3,3,"cm",7.06858347057703,"",5,20,"OA","","Ascomycota"
"Colletotrichum","dematium","","Colletotrichum dematium","","asexual","conidia",NA,18,30,NA,NA,3,5,NA,"um",75.398223686155,4.5,4.8,"cm",16.9646003293849,"",4,24,"MEA/OA","","Ascomycota"
"Conidiobolus","coronatus","","Conidiobolus coronatus","","asexual","conidia",NA,15,20,NA,NA,9,14,NA,"um",158.061380383736,4,5,"cm",15.707963267949,"",3,21,"sabouraud-glucose","","Ascomycota"
"Coniothryium","cerealis","","Coniothryium cerealis","","asexual","conidia",NA,5.5,8,11,NA,1.5,2.5,NA,"um",10.6028752058656,2,2,"cm",3.14159265358979,"",10,20,"OA","","Ascomycota"
"Corynascus","sepedonium","","Corynascus sepedonium","387.65","sexual","ascospores",11,15,20,NA,NA,6,10,NA,"um",109.955742875643,4.8,7,"cm",26.3893782901543,"",6,31,"MEA","","Ascomycota"
"Corynascus","sepedonium","","Corynascus sepedonium","387.65","asexual","conidia",NA,NA,NA,NA,NA,NA,NA,NA,"",NA,4.8,7,"cm",26.3893782901543,"",6,31,"MEA","","Ascomycota"
"Ctenomyces","serratus","","Ctenomyces serratus","187.61","sexual","ascospores",NA,3.3,3.6,NA,NA,2,2.6,NA,"um",6.23213442655875,3,5,"cm",11.7809724509617,"",14,25,"phytone yeast extract","","Ascomycota"
"Ctenomyces","serratus","","Ctenomyces serratus","187.61","asexual","conidia",NA,NA,NA,NA,NA,NA,NA,NA,"",NA,3,5,"cm",11.7809724509617,"",14,25,"phytone yeast extract","","Ascomycota"
"Cunninghamella","echinulata","","Cunninghamella echinulata","","sexual","zygospores",NA,30,50,NA,NA,30,50,NA,"um",1256.63706143592,3,3,"cm",7.06858347057703,"",NA,NA,"MEA","","Zygomycota"
"Cunninghamella","echinulata","","Cunninghamella echinulata","","asexual","conidia",NA,NA,NA,NA,NA,NA,NA,NA,"",NA,3,3,"cm",7.06858347057703,"",NA,NA,"MEA","","Ascomycota"
"Cunninghamella","elegans","","Cunninghamella elegans","481.66","sexual","zygospores",NA,25,55,NA,NA,25,55,NA,"um",1256.63706143592,6.6,6.6,"cm",34.2119439975928,"",3,24,"MEA","","Zygomycota"
"Cunninghamella","elegans","","Cunninghamella elegans","481.66","asexual","conidia",NA,NA,NA,NA,NA,NA,NA,NA,"",NA,6.6,6.6,"cm",34.2119439975928,"",3,24,"MEA","","Ascomycota"
"Cylindrocarpon","candidum","","Cylindrocarpon candidum","","sexual","ascospores",NA,12,15,NA,NA,5,6,7,"um",58.3158136322605,4,4,"cm",12.5663706143592,"",14,20,"PDA","","Ascomycota"
"Cylindrocarpon","candidum","","Cylindrocarpon candidum","","asexual","conidia",NA,4,9,NA,NA,1.5,3,NA,"um",11.4864481396877,4,4,"cm",12.5663706143592,"",14,20,"PDA","","Ascomycota"
"Cylindrocarpon","destructans","","Cylindrocarpon destructans","158.31","sexual","ascospores",NA,10,13,NA,NA,3,3.5,NA,"um",29.3542563569796,3,7.2,"cm",16.9646003293849,"",10,20,"PDA","","Ascomycota"
"Cylindrocarpon","destructans","","Cylindrocarpon destructans","158.31","asexual","conidia",NA,6,10,NA,NA,3.5,4,NA,"um",23.5619449019234,3,7.2,"cm",16.9646003293849,"",10,20,"PDA","","Ascomycota"
"Cylindrocarpon","didymum","","Cylindrocarpon didymum","159.34","asexual","conidia",NA,24,34,NA,NA,4,6,NA,"um",113.88273369263,4,4,"cm",12.5663706143592,"",7,20,"PDA","","Ascomycota"
"Cylindrocarpon","obtusiusculum","","Cylindrocarpon obtusiusculum","182.36","sexual","ascospores",NA,12,15,NA,NA,3,4,NA,"um",37.1100632205294,4.5,4.5,"cm",15.9043128087983,"",7,20,"PDA","","Ascomycota"
"Cylindrocarpon","obtusiusculum","","Cylindrocarpon obtusiusculum","182.36","asexual","conidia",NA,15,35,NA,NA,3.5,4.5,NA,"um",78.5398163397448,4.5,4.5,"cm",15.9043128087983,"",7,20,"PDA","","Ascomycota"
"Cylindrocarpon","olidum","","Cylindrocarpon olidum","","asexual","conidia",NA,30,70,NA,NA,5,8,NA,"um",255.254403104171,2.5,2.5,"cm",4.90873852123405,"",7,20,"MEA","","Ascomycota"
"Cylindrocladium","scoparium","","Cylindrocladium scoparium","217.54","asexual","conidia",NA,42,50,NA,NA,3,4,5,"um",126.449104306989,3,4.2,"cm",9.89601685880785,"",7,25,NA,"","Ascomycota"
"Cylindroclaediella","parva","","Cylindroclaediella parva","874.68","asexual","conidia",NA,15,21,NA,NA,2,3,NA,"um",35.3429173528852,8,8,"cm",50.2654824574367,"",7,22.5,NA,"","Ascomycota"
"Dendryphion","nanum","","Dendryphion nanum","","asexual","conidia",NA,45,90,NA,NA,10,12.5,NA,"um",596.411730329937,2.5,2.5,"cm",4.90873852123405,"",10,20,"OA","","Ascomycota"
"Doratomyces","microsporus","","Doratomyces microsporus","209.63","asexual","conidia",NA,3,5,NA,NA,2,3,NA,"um",7.85398163397448,2.9,2.4,"cm",5.46637121724624,"",7,24,"MEA","","Ascomycota"
"Doratomyces","nanus","","Doratomyces nanus","882.68","asexual","conidia",NA,6,8.5,NA,NA,5,6,NA,"um",31.3177517654733,1.7,2.3,"cm",3.07090681888402,"",10,20.5,"MEA","","Ascomycota"
"Doratomyces","purpureofuscus","","Doratomyces purpureofuscus","523.63","asexual","conidia",NA,5,7,NA,NA,2.5,3.5,NA,"um",14.1371669411541,1,2,"cm",1.5707963267949,"",14,18,"MEA","","Ascomycota"
"Doratomyces","stemonitis","","Doratomyces stemonitis","180.35","asexual","conidia",NA,6,8.5,NA,NA,4,4.5,NA,"um",24.2000809096839,1.7,2.3,"cm",3.07090681888402,"",7,23,"MEA","","Ascomycota"
"Emericella","nidulans","","Emericella nidulans","124.59","sexual","ascospores",NA,3.8,4.5,NA,NA,3.8,4.5,NA,"um",13.5265198691126,5,6,"cm",23.5619449019234,"",14,25,"CzA","","Ascomycota"
"Emericella","nidulans","","Emericella nidulans","124.59","asexual","conidia",NA,NA,NA,NA,NA,NA,NA,NA,"",NA,5,6,"cm",23.5619449019234,"",14,25,"CzA","","Ascomycota"
"Emericella","rugulosa","","Emericella rugulosa","133.6","sexual","ascospores",NA,4,4.4,NA,NA,4,4.4,NA,"um",13.854423602331,3,3.5,"cm",8.24668071567321,"",12,25,"CzA","","Ascomycota"
"Emericella","rugulosa","","Emericella rugulosa","133.6","asexual","conidia",NA,NA,NA,NA,NA,NA,NA,NA,"",NA,3,3.5,"cm",8.24668071567321,"",12,25,"CzA","","Ascomycota"
"Emericellopsis","minima","","Emericellopsis minima","","sexual","ascospores",NA,4.7,6.3,NA,NA,2.4,3.8,NA,"um",13.3910386859265,5,5,"cm",19.6349540849362,"",10,24,"OA","","Ascomycota"
"Emericellopsis","minima","","Emericellopsis minima","","asexual","conidia",NA,5.5,8.5,NA,NA,1.9,2.5,NA,"um",12.0951317163207,5,5,"cm",19.6349540849362,"",10,24,"OA","","Ascomycota"
"Emericellopsis","terricola","","Emericellopsis terricola","245.7","sexual","ascospores",NA,6.3,8.5,NA,NA,4.1,5,NA,"um",26.4443561615921,4.7,4.7,"cm",17.3494454294496,"",10,24,"OA","","Ascomycota"
"Emericellopsis","terricola","","Emericellopsis terricola","245.7","asexual","conidia",NA,4.7,8,NA,NA,2.1,3.2,NA,"um",13.2162875945706,4.7,4.7,"cm",17.3494454294496,"",10,24,"OA","","Ascomycota"
"Epicoccum","nigrum","","Epicoccum nigrum","","asexual","conidia",NA,15,25,NA,NA,15,25,NA,"um",314.159265358979,6,6,"cm",28.2743338823081,"",10,20,"MEA","","Ascomycota"
"Eupenicillium","brefeldianum","","Eupenicillium brefeldianum","170.71","asexual","conidia",NA,2,3,NA,NA,1.5,2,NA,"um",3.43611696486384,3,4,"cm",9.42477796076938,"",14,24,"CzA","","Ascomycota"
"Eupenicillium","javanicum","","Eupenicillium javanicum","577.7","asexual","conidia",NA,2.3,3,NA,NA,1.5,2,NA,"um",3.64228398275567,3.5,4,"cm",10.9955742875643,"",13,24,"CzA","","Ascomycota"
"Eupenicillium","lapidosum","","Eupenicillium lapidosum","","asexual","conidia",NA,2.2,3,NA,NA,1.7,2.2,NA,"um",3.98196868842506,5,6,"cm",23.5619449019234,"",14,24,"CzA/MEA","","Ascomycota"
"Eupenicillium","shearii","","Eupenicillium shearii","","asexual","conidia",NA,2.2,3,NA,NA,2,2.5,NA,"um",4.59457925587507,2.5,3,"cm",5.89048622548086,"",14,24,NA,"","Ascomycota"
"Eurotium","amstelodami","","Eurotium amstelodami","520.65","sexual","ascospores",NA,4.7,5,NA,NA,3.6,3.8,NA,"um",14.0939700421672,2.5,3,"cm",5.89048622548086,"",17.5,NA,"CzA","","Ascomycota"
"Eurotium","amstelodami","","Eurotium amstelodami","520.65","asexual","conidia",NA,4.5,5,NA,NA,3.5,4,NA,"um",13.989904785517,2.5,3,"cm",5.89048622548086,"",17.5,NA,"CzA","","Ascomycota"
"Eurotium","chevalieri","","Eurotium chevalieri","522.65/129.54","sexual","ascospores",NA,4.6,5,NA,NA,3.4,3.8,NA,"um",13.5716802635079,2.5,3,"cm",5.89048622548086,"",14,NA,"CzA","","Ascomycota"
"Eurotium","chevalieri","","Eurotium chevalieri","522.65/129.54","asexual","conidia",NA,NA,NA,NA,NA,NA,NA,NA,"",NA,2.5,3,"cm",5.89048622548086,"",14,NA,"CzA","","Ascomycota"
"Eurotium","herbariorum","","Eurotium herbariorum","126.55","sexual","ascospores",NA,5,7,NA,NA,3.8,4.8,NA,"um",20.2632726156542,1,2,"cm",1.5707963267949,"",21,25,"CzA","","Ascomycota"
"Eurotium","herbariorum","","Eurotium herbariorum","126.55","asexual","conidia",NA,5,7.5,NA,NA,5,7.5,NA,"um",30.6796157577128,1,2,"cm",1.5707963267949,"",21,25,"CzA","","Ascomycota"
"Exophiala","jeanselmei","","Exophiala jeanselmei","537.67/526.76","asexual","conidia",NA,3.5,5,NA,NA,1.5,2.2,NA,"um",6.17519305971244,0.7,1.3,"cm",0.714712328691678,"",14,20,NA,"","Ascomycota"
"Fusarium","accuminatum","","Fusarium accuminatum","680.74","asexual","chlamydospore",NA,7,20,NA,NA,7,20,NA,"um",143.138815279185,4.5,4.5,"cm",15.9043128087983,"",4,25,"PSA/OA","",NA
"Fusarium","accuminatum","","Fusarium accuminatum","680.74","sexual","ascospores",NA,22,26,NA,NA,5,6,NA,"um",103.672557568463,4.5,4.5,"cm",15.9043128087983,"",4,25,"PSA/OA","","Ascomycota"
"Fusarium","accuminatum","","Fusarium accuminatum","680.74","asexual","conidia",NA,24,54,NA,NA,3,4.5,NA,"um",114.864481396877,4.5,4.5,"cm",15.9043128087983,"",4,25,"PSA/OA","","Ascomycota"
"Fusarium","aquaeductuum","","Fusarium aquaeductuum","268.53","sexual","ascospores",NA,8,11,NA,NA,3.5,4.5,NA,"um",29.845130209103,0.5,0.5,"cm",0.196349540849362,"",4,25,"PSA","","Ascomycota"
"Fusarium","aquaeductuum","","Fusarium aquaeductuum","268.53","asexual","conidia",NA,14,35,NA,NA,2,3,3.5,"um",48.1056375080937,0.5,0.5,"cm",0.196349540849362,"",4,25,"PSA","","Ascomycota"
"Fusarium","avenaceum","","Fusarium avenaceum","121.73","asexual","sporodochial conidia",NA,45,70,NA,NA,3,4.5,NA,"um",169.351478982575,5.4,5.4,"cm",22.9022104446696,"",4,25,"PSA/OA","conidia measured from figure 133","Ascomycota"
"Fusarium","avenaceum","","Fusarium avenaceum","121.73","asexual","conidia",NA,16,31,80,NA,3,4.5,NA,"um",69.2132131494001,5.4,5.4,"cm",22.9022104446696,"",4,25,"PSA/OA","conidia measured from figure 133","Ascomycota"
"Fusarium","cf.eumartii","","Fusarium cf.eumartii","225.58","asexual","chlamydospore",NA,6,10,NA,NA,6,10,NA,"um",50.2654824574367,7.5,7.5,"cm",44.1786466911065,"",10,24,"OA","",NA
"Fusarium","cf.eumartii","","Fusarium cf.eumartii","225.58","asexual","macroconidia",36,50,85,NA,NA,5,7,8,"um",318.086256175967,7.5,7.5,"cm",44.1786466911065,"",10,24,"OA","","Ascomycota"
"Fusarium","cf.eumartii","","Fusarium cf.eumartii","225.58","sexual","ascospores",NA,11,16,NA,NA,4.5,6,NA,"um",55.6650948307941,7.5,7.5,"cm",44.1786466911065,"",10,24,"OA","","Ascomycota"
"Fusarium","cf.eumartii","","Fusarium cf.eumartii","225.58","asexual","conidia",NA,4,14,NA,NA,2.5,5,NA,"um",26.5071880146639,7.5,7.5,"cm",44.1786466911065,"",10,24,"OA","","Ascomycota"
"Fusarium","chlamydosporum","","Fusarium chlamydosporum","698.74","asexual","chlamydospore",NA,7,17,NA,NA,7,17,NA,"um",113.097335529233,4.5,5.7,"cm",20.1454628911446,"",4,20,"MEA/OA","",NA
"Fusarium","chlamydosporum","","Fusarium chlamydosporum","698.74","asexual","macroconidia",NA,30,38,NA,NA,3,4.5,NA,"um",100.138265833175,4.5,5.7,"cm",20.1454628911446,"",4,20,"MEA/OA","","Ascomycota"
"Fusarium","chlamydosporum","","Fusarium chlamydosporum","698.74","asexual","conidia",NA,8.5,10,15,NA,2.5,3,3.7,"um",19.9785657814226,4.5,5.7,"cm",20.1454628911446,"",4,20,"MEA/OA","","Ascomycota"
"Fusarium","culmorum","","Fusarium culmorum","251.52","asexual","chlamydospore",NA,9,14,NA,NA,9,14,NA,"um",103.868907109313,8.5,8.5,"cm",56.7450173054656,"",4,25,"PSA/OA","",NA
"Fusarium","culmorum","","Fusarium culmorum","251.52","asexual","conidia",NA,30,50,NA,NA,5,7.5,NA,"um",196.349540849362,8.5,8.5,"cm",56.7450173054656,"",4,25,"PSA/OA","","Ascomycota"
"Fusarium","dimerum","","Fusarium dimerum","187.79","asexual","chlamydospore",NA,8,12,NA,NA,8,12,NA,"um",78.5398163397448,2.7,2.7,"cm",5.7255526111674,"",4,25,"PSA/OA","",NA
"Fusarium","dimerum","","Fusarium dimerum","187.79","asexual","conidia",NA,15,25,NA,NA,2.5,4,NA,"um",51.0508806208341,2.7,2.7,"cm",5.7255526111674,"",4,25,"PSA/OA","","Ascomycota"
"Fusarium","equiseti","","Fusarium equiseti","","asexual","chlamydospore",NA,7,9,NA,NA,7,9,NA,"um",50.2654824574367,5.8,5.8,"cm",26.4207942166902,"",4,25,"PSA/OA","",NA
"Fusarium","equiseti","","Fusarium equiseti","","asexual","conidia",NA,31,47,NA,NA,4,5,NA,"um",137.837377676252,5.8,5.8,"cm",26.4207942166902,"",4,25,"PSA/OA","","Ascomycota"
"Fusarium","flocciferum","","Fusarium flocciferum","297.7","asexual","chlamydospore",NA,8,11,NA,NA,8,11,NA,"um",70.8821842466197,4,4,"cm",12.5663706143592,"",4,25,"PDA/MEA","",NA
"Fusarium","flocciferum","","Fusarium flocciferum","297.7","asexual","conidia",NA,22,35,48,NA,3.5,5,NA,"um",95.1313525415159,4,4,"cm",12.5663706143592,"",4,25,"PDA/MEA","","Ascomycota"
"Fusarium","fujikuroi","","Fusarium fujikuroi","","asexual","macroconidia",NA,33,60,NA,NA,3,4,NA,"um",127.823551092935,NA,NA,"cm",NA,NA,NA,NA,NA,"","Ascomycota"
"Fusarium","fujikuroi","","Fusarium fujikuroi","","asexual","microconidia",NA,8,10,NA,NA,2.5,3.3,NA,"um",20.4988920646734,NA,NA,"cm",NA,NA,NA,NA,NA,"","Ascomycota"
"Fusarium","graminearum","","Fusarium graminearum","389.62","asexual","chlamydospore",NA,10,12,NA,NA,10,12,NA,"um",95.0331777710912,9,9,"cm",63.6172512351933,"",4,25,NA,"",NA
"Fusarium","graminearum","","Fusarium graminearum","389.62","sexual","ascospores",NA,18,27,NA,NA,3,4,5,"um",61.8501053675491,9,9,"cm",63.6172512351933,"",4,25,NA,"","Ascomycota"
"Fusarium","graminearum","","Fusarium graminearum","389.62","asexual","conidia",NA,41,60,80,NA,4,5.5,NA,"um",188.397384444963,9,9,"cm",63.6172512351933,"",4,25,NA,"","Ascomycota"
"Fusarium","incarnatum","","Fusarium incarnatum","","asexual","chlamydospore",NA,5,10,NA,NA,5,10,NA,"um",44.1786466911065,6,6,"cm",28.2743338823081,"",4,25,"PSA/OA","",NA
"Fusarium","incarnatum","","Fusarium incarnatum","","asexual","conidia",NA,17,40,50,NA,3,4.5,NA,"um",83.9394287131023,6,6,"cm",28.2743338823081,"",4,25,"PSA/OA","","Ascomycota"
"Fusarium","lateritium","","Fusarium lateritium","737.74","asexual","chlamydospore",NA,7,8,NA,NA,7,8,NA,"um",44.1786466911065,2.8,2.8,"cm",6.15752160103599,"",4,25,"PSA","",NA
"Fusarium","lateritium","","Fusarium lateritium","737.74","sexual","ascospores",NA,13,18,NA,NA,5,8,NA,"um",79.1288649622929,2.8,2.8,"cm",6.15752160103599,"",4,25,"PSA","","Ascomycota"
"Fusarium","lateritium","","Fusarium lateritium","737.74","asexual","conidia",NA,22,50,57,NA,3,4.5,5,"um",106.028752058656,2.8,2.8,"cm",6.15752160103599,"",4,25,"PSA","","Ascomycota"
"Fusarium","merismoides","var. merismoides","Fusarium merismoides var. merismoides","186.34/179.31","asexual","chlamydospore",NA,8,12,NA,NA,8,12,NA,"um",78.5398163397448,0.9,0.9,"cm",0.636172512351933,"",4,25,NA,"",NA
"Fusarium","merismoides","var. merismoides","Fusarium merismoides var. merismoides","186.34/179.31","asexual","conidia",NA,30,45,NA,NA,3.5,5,NA,"um",125.172832291468,0.9,0.9,"cm",0.636172512351933,"",4,25,NA,"","Ascomycota"
"Fusarium","oxysporum","","Fusarium oxysporum","242.59","asexual","chlamydospore",NA,5,15,NA,NA,5,15,NA,"um",78.5398163397448,4.5,6.5,"cm",22.9728962793754,"",4,25,NA,"",NA
"Fusarium","oxysporum","","Fusarium oxysporum","242.59","asexual","macroconidia",20,27,46,60,NA,3,4.5,5,"um",107.501373615026,4.5,6.5,"cm",22.9728962793754,"",4,25,NA,"","Ascomycota"
"Fusarium","oxysporum","","Fusarium oxysporum","242.59","asexual","conidia",NA,5,12,NA,NA,2.3,3.5,NA,"um",19.3600647277471,4.5,6.5,"cm",22.9728962793754,"",4,25,NA,"","Ascomycota"
"Fusarium","poae","","Fusarium poae","446.67","asexual","macroconidia",NA,18,38,NA,NA,3.8,7,NA,"um",118.752202305694,5.6,8.8,"cm",38.7044214922263,"",4,23.5,"MEA/OA","","Ascomycota"
"Fusarium","poae","","Fusarium poae","446.67","asexual","conidia",NA,6,10,NA,NA,5.5,7.7,NA,"um",41.4690230273853,5.6,8.8,"cm",38.7044214922263,"",4,23.5,"MEA/OA","","Ascomycota"
"Fusarium","proliferatum","","Fusarium proliferatum","","asexual","macroconidia",NA,27,58,NA,NA,3.3,4.5,NA,"um",130.179745583127,NA,NA,"cm",NA,NA,NA,NA,NA,"","Ascomycota"
"Fusarium","proliferatum","","Fusarium proliferatum","","asexual","microconidia",NA,7,9,11,NA,2.2,3.2,7.5,"um",16.9646003293849,NA,NA,"cm",NA,NA,NA,NA,NA,"","Ascomycota"
"Fusarium","redolens","","Fusarium redolens","128.73","asexual","chlamydospore",NA,6,14,NA,NA,6,14,NA,"um",78.5398163397448,4.5,4.5,"cm",15.9043128087983,"",4,25,"PSA/OA","",NA
"Fusarium","redolens","","Fusarium redolens","128.73","asexual","macroconidia",NA,25,38,50,NA,4,5.5,NA,"um",117.515200198343,4.5,4.5,"cm",15.9043128087983,"",4,25,"PSA/OA","","Ascomycota"
"Fusarium","redolens","","Fusarium redolens","128.73","asexual","conidia",NA,7.5,15,NA,NA,2.5,4.2,NA,"um",29.5996932830413,4.5,4.5,"cm",15.9043128087983,"",4,25,"PSA/OA","","Ascomycota"
"Fusarium","sacchari","","Fusarium sacchari","","asexual","conidia",NA,7,11,NA,NA,2.5,3,NA,"um",19.4386045440868,NA,NA,"cm",NA,NA,NA,NA,NA,"","Ascomycota"
"Fusarium","sambucinum","var. sambucinum","Fusarium sambucinum var. sambucinum","136.24","asexual","chlamydospore",NA,6,11,NA,NA,6,11,NA,"um",56.7450173054656,5.2,5.2,"cm",21.237166338267,"",4,25,"PSA/OA","",NA
"Fusarium","sambucinum","var. sambucinum","Fusarium sambucinum var. sambucinum","136.24","sexual","ascospores",NA,20,28,38,NA,6,9,10,"um",141.371669411541,5.2,5.2,"cm",21.237166338267,"",4,25,"PSA/OA","","Ascomycota"
"Fusarium","sambucinum","var. sambucinum","Fusarium sambucinum var. sambucinum","136.24","asexual","conidia",NA,30,45,NA,NA,4,5.5,NA,"um",139.89904785517,5.2,5.2,"cm",21.237166338267,"",4,25,"PSA/OA","","Ascomycota"
"Fusarium","solani","","Fusarium solani","","asexual","chlamydospore",NA,6,10,NA,NA,6,10,NA,"um",50.2654824574367,3.2,3.2,"cm",8.04247719318987,"",4,25,"PSA/OA","",NA
"Fusarium","solani","","Fusarium solani","","asexual","macroconidia",NA,28,42,NA,NA,4,6,NA,"um",137.444678594553,3.2,3.2,"cm",8.04247719318987,"",4,25,"PSA/OA","","Ascomycota"
"Fusarium","solani","","Fusarium solani","","asexual","conidia",NA,8,16,NA,NA,2,4,5,"um",28.2743338823081,3.2,3.2,"cm",8.04247719318987,"",4,25,"PSA/OA","","Ascomycota"
"Fusarium","sporotriochiodes","var. sporotrichiodes","Fusarium sporotriochiodes var. sporotrichiodes","","asexual","chlamydospore",NA,7,15,NA,NA,7,15,NA,"um",95.0331777710912,8,8.8,"cm",55.2920307031804,"",4,27.5,"MEA/OA","",NA
"Fusarium","sporotriochiodes","var. sporotrichiodes","Fusarium sporotriochiodes var. sporotrichiodes","","asexual","macroconidia",NA,29,46,NA,NA,3.7,5.3,NA,"um",132.535940073319,8,8.8,"cm",55.2920307031804,"",4,27.5,"MEA/OA","","Ascomycota"
"Fusarium","sporotriochiodes","var. sporotrichiodes","Fusarium sporotriochiodes var. sporotrichiodes","","asexual","conidia",NA,6,11,16,NA,3,4,NA,"um",23.3655953610741,8,8.8,"cm",55.2920307031804,"",4,27.5,"MEA/OA","","Ascomycota"
"Fusarium","subglutinans","","Fusarium subglutinans","","asexual","macroconidia",NA,27,54,NA,NA,3.5,4.5,NA,"um",127.234502470387,NA,NA,"cm",NA,NA,NA,NA,NA,"","Ascomycota"
"Fusarium","subglutinans","","Fusarium subglutinans","","asexual","conidia",NA,NA,NA,NA,NA,NA,NA,NA,NA,NA,NA,NA,"cm",NA,NA,NA,NA,NA,"","Ascomycota"
"Fusarium","tricinctum","","Fusarium tricinctum","253.5","asexual","chlamydospore",NA,7,18,NA,NA,7,18,NA,"um",122.718463030851,3.2,4,"cm",10.0530964914873,"",4,22.5,"MEA/OA","",NA
"Fusarium","tricinctum","","Fusarium tricinctum","253.5","asexual","macroconidia",NA,24,50,NA,NA,3.2,4.5,NA,"um",111.879968375967,3.2,4,"cm",10.0530964914873,"",4,22.5,"MEA/OA","","Ascomycota"
"Fusarium","tricinctum","","Fusarium tricinctum","253.5","asexual","conidia",NA,8,11,14,2,4.5,7.5,NA,"um",44.7676953136545,3.2,4,"cm",10.0530964914873,"",4,22.5,"MEA/OA","","Ascomycota"
"Fusarium","ventricosum","","Fusarium ventricosum","","asexual","chlamydospore",NA,8,12,NA,NA,8,12,NA,"um",78.5398163397448,3,3,"cm",7.06858347057703,"",4,25,"PSA/OA","",NA
"Fusarium","ventricosum","","Fusarium ventricosum","","sexual","ascospores",NA,14,20,NA,NA,7,10,NA,"um",113.490034610931,3,3,"cm",7.06858347057703,"",4,25,"PSA/OA","","Ascomycota"
"Fusarium","ventricosum","","Fusarium ventricosum","","asexual","conidia",NA,24,48,NA,NA,5,8,NA,"um",183.783170235003,3,3,"cm",7.06858347057703,"",4,25,"PSA/OA","","Ascomycota"
"Fusarium","verticillioides","","Fusarium verticillioides","","asexual","macroconidia",NA,31,58,NA,NA,2.7,3.6,NA,"um",110.093187554237,NA,NA,"cm",NA,NA,NA,NA,NA,"","Ascomycota"
"Fusarium","verticillioides","","Fusarium verticillioides","","asexual","microconidia",NA,7,10,NA,NA,2.5,3.2,NA,"um",19.0262705083032,NA,NA,"cm",NA,NA,NA,NA,NA,"","Ascomycota"
"Gaeumannomyces","graminis","","Gaeumannomyces graminis","350.75","sexual","ascospores",NA,80,100,NA,NA,2.5,3,NA,"um",194.386045440868,4.5,4.5,"cm",15.9043128087983,"",10,20,"MEA","","Ascomycota"
"Gaeumannomyces","graminis","","Gaeumannomyces graminis","350.75","asexual","conidia",NA,NA,NA,NA,NA,NA,NA,NA,"",NA,4.5,4.5,"cm",15.9043128087983,"",10,20,"MEA","","Ascomycota"
"Gelasinospora","retispora","","Gelasinospora retispora","868.68/218.58","sexual","ascospores",NA,28,33,37,NA,14,70,20,"um",1006.09504731213,NA,NA,"cm",NA,"",NA,NA,NA,"","Ascomycota"
"Gelasinospora","retispora","","Gelasinospora retispora","868.68/218.58","asexual","conidia",NA,NA,NA,NA,NA,NA,NA,NA,"",NA,NA,NA,"cm",NA,"",NA,NA,NA,"","Ascomycota"
"Geomyces","pannorum","","Geomyces pannorum","226.74","asexual","conidia",NA,2,5,NA,NA,2,4,NA,"um",8.24668071567321,1,2,"cm",1.5707963267949,"",14,25,"phytone yeast extract","","Ascomycota"
"Geotrichum","candidum","","Geotrichum candidum","187.67","sexual","ascospores",NA,7,10,NA,NA,6,9,NA,"um",50.0691329165873,0.5,0.7,"cm",0.274889357189107,"",1,24,NA,"","Ascomycota"
"Geotrichum","candidum","","Geotrichum candidum","187.67","asexual","conidia",NA,NA,NA,NA,NA,NA,NA,NA,"",NA,0.5,0.7,"cm",0.274889357189107,"",1,24,NA,"","Ascomycota"
"Gibellulospis","nigrescens","","Gibellulospis nigrescens","","asexual","conidia",NA,4,8.5,NA,NA,1.5,2.5,NA,"um",9.8174770424681,2.4,2.8,"cm",5.27787565803085,"",9,20,"PDA","","Ascomycota"
"Gilmaniella","humicola","","Gilmaniella humicola","660.74","asexual","conidia",NA,7,10,NA,NA,7,10,NA,"um",56.7450173054656,6.5,6.5,"cm",33.1830724035422,"",10,20,"MEA","","Ascomycota"
"Giocladium","viride","","Giocladium viride","","asexual","conidia",NA,3,4,NA,NA,1.7,2.7,NA,"um",6.04756585816035,NA,NA,"cm",NA,"",NA,NA,NA,"","Ascomycota"
"Glomerella","cingulata","","Glomerella cingulata","234.49","asexual","conidia",NA,12,18,NA,NA,4.5,6,NA,"um",61.8501053675491,0.2,0.3,"cm",0.0471238898038469,"",1,24,NA,"","Ascomycota"
"Gongronella","butleri","","Gongronella butleri","969.73","asexual","conidia",NA,2.2,4.5,NA,NA,1.6,2.5,NA,"um",5.39372188713198,NA,NA,"cm",NA,"",NA,NA,NA,"","Ascomycota"
"Gonytrichum","macrocladum","","Gonytrichum macrocladum","875.68","asexual","conidia",NA,3.5,5.8,NA,NA,2,3.6,NA,"um",10.2258840874348,1.8,1.8,"cm",2.54469004940773,"",12,21,"MEA","","Ascomycota"
"Gymnoascus","reesii","","Gymnoascus reesii","497.64","sexual","ascospores",NA,2.4,4.2,NA,NA,1.5,3,NA,"um",5.83158136322605,2,2,"cm",3.14159265358979,"",10,20,"OA","","Ascomycota"
"Gymnoascus","reesii","","Gymnoascus reesii","497.64","asexual","conidia",NA,NA,NA,NA,NA,NA,NA,NA,"",NA,2,2,"cm",3.14159265358979,"",10,20,"OA","","Ascomycota"
"Harzia","acremonioides","","Harzia acremonioides","100.61","asexual","conidia",NA,20,30,NA,NA,15,20,NA,"um",343.611696486384,3.3,3.3,"cm",8.55298599939821,"",5,20,"MEA","","Ascomycota"
"Heteroconium","chaetospira","","Heteroconium chaetospira","514.63","asexual","conidia",NA,20,35,NA,NA,3,4,NA,"um",75.5945732270044,0.8,1,"cm",0.628318530717959,"",10,20,NA,"","Ascomycota"
"Hormiactis","candida","","Hormiactis candida","252.62","asexual","conidia",NA,10,19,NA,2,3,4,NA,"um",39.8589567924205,2.8,2.8,"cm",6.15752160103599,"",10,20,"OA","","Ascomycota"
"Humicola","fuscoatra","var. fuscoatra","Humicola fuscoatra var. fuscoatra","516.67","asexual","conidia",NA,3,5,NA,NA,1.5,2,NA,"um",5.49778714378214,2,2.5,"cm",3.92699081698724,"",10,20,"OA","","Ascomycota"
"Humicola","grisea","","Humicola grisea","217.34","asexual","conidia",NA,3,3.5,NA,NA,1.5,2,NA,"um",4.46695205432299,4,4,"cm",12.5663706143592,"",10,20,"OA","","Ascomycota"
"Hypomyces","chrysospermus","","Hypomyces chrysospermus","140.23","asexual","conidia",NA,15,25,NA,NA,15,25,NA,"um",314.159265358979,5,5,"cm",19.6349540849362,"",10,20,"MEA","","Ascomycota"
"Idriella","lunata","","Idriella lunata","404.78","asexual","conidia",NA,7,13,20,NA,2,2.5,4,"um",17.6714586764426,2.8,3,"cm",6.59734457253857,"",10,20,"MEA","","Ascomycota"
"Isaria","farinosa","","Isaria farinosa","","asexual","conidia",NA,2,3,NA,NA,1,1.8,NA,"um",2.74889357189107,4,6,"cm",18.8495559215388,"",14,25,"MEA","","Ascomycota"
"Isaria","fumosorosea","","Isaria fumosorosea","","asexual","conidia",NA,3,4,NA,NA,1,2,NA,"um",4.1233403578366,4,4,"cm",12.5663706143592,"",14,25,"MEA","","Ascomycota"
"Khuskia","oryzae","","Khuskia oryzae","","sexual","ascospores",NA,16,21,NA,NA,5,7,NA,"um",87.1791961371168,5.5,8,"cm",34.5575191894877,"",5,20,"MEA","","Ascomycota"
"Khuskia","oryzae","","Khuskia oryzae","","asexual","conidia",NA,NA,NA,NA,NA,NA,NA,NA,"",NA,5.5,8,"cm",34.5575191894877,"",5,20,"MEA","","Ascomycota"
"Lecanicillium","muscarium","","Lecanicillium muscarium","","asexual","conidia",NA,2.5,5.5,NA,NA,1,1.5,NA,"um",3.92699081698724,1.8,2.2,"cm",3.1101767270539,"",10,20,"MEA","","Ascomycota"
"Lecanicillium","psalliotae","","Lecanicillium psalliotae","154.7","asexual","conidia",NA,5,10,NA,NA,1.2,1.7,NA,"um",8.54120502694725,2.3,2.5,"cm",4.51603943953533,"",10,20,"MEA","","Ascomycota"
"Letptosphaeria","coniothryrium","","Letptosphaeria coniothryrium","","asexual","conidia",NA,3.5,4.5,NA,NA,2.2,2.7,NA,"um",7.69690200129499,2.6,2.8,"cm",5.71769862953342,"",7,20,"OA","","Ascomycota"
"Letptosphaeria","maculans","","Letptosphaeria maculans","","asexual","conidia",NA,4,6,NA,NA,1.5,2,3,"um",6.87223392972767,3,7,"cm",16.4933614313464,"",10,20,"OA","","Ascomycota"
"Mammaria","echinobotryoides","","Mammaria echinobotryoides","","asexual","conidia",NA,8.5,17.5,NA,NA,4.5,8.5,NA,"um",66.3661448070844,1.5,1.5,"cm",1.76714586764426,"",7,28,NA,"","Ascomycota"
"Mariannaea","elegans","","Mariannaea elegans","","asexual","conidia",NA,4,6,NA,NA,1.5,2.5,NA,"um",7.85398163397448,5,7,"cm",27.4889357189107,"",14,25,"MEA","","Ascomycota"
"Metarhizium","anisopliae","","Metarhizium anisopliae","","asexual","conidia",3.5,5,8,9,NA,2.5,3.5,4.5,"um",15.3152641862502,2,2,"cm",3.14159265358979,"",10,20,"OA","","Ascomycota"
"Microascus","trigonosporus","","Microascus trigonosporus","366.65","sexual","ascospores",NA,4,5.5,NA,NA,3,4,NA,"um",13.0572444664826,0.9,1.7,"cm",1.2016591899981,"",7,24,"MEA","","Ascomycota"
"Microascus","trigonosporus","","Microascus trigonosporus","366.65","asexual","conidia",NA,4,4.5,NA,NA,3.5,4,NA,"um",12.5172832291468,0.9,1.7,"cm",1.2016591899981,"",7,24,"MEA","","Ascomycota"
"Microdochium","bolleyi","","Microdochium bolleyi","","asexual","conidia",NA,5.5,8.5,NA,NA,1.6,2.2,NA,"um",10.4457955731861,3.2,3.8,"cm",9.55044166691297,"",7,20,NA,"","Ascomycota"
"Minimedusa","polyspora","","Minimedusa polyspora","880.68","asexual","bulbil",NA,90,130,NA,NA,90,130,NA,"um",9503.31777710913,3,4,"cm",9.42477796076938,"",5,20,"MEA","",NA
"Monoascus","ruber","","Monoascus ruber","","asexual","conidia",4.5,6,12,16,NA,4.5,10,14,"um",51.2472301616835,7.5,8.5,"cm",50.0691329165873,"",7,27.5,"MEA/PDA","","Ascomycota"
"Monocillium","mucidum","","Monocillium mucidum","404.66","asexual","conidia",NA,2.8,3.9,NA,NA,1.8,2.2,NA,"um",5.2621676947629,2,3,"cm",4.71238898038469,"",10,20,NA,"","Ascomycota"
"Monographella","nivalis","","Monographella nivalis","146.68/162.77/319.78","asexual","conidia",NA,10,18,27,NA,2.5,3.5,NA,"um",32.9867228626928,1,1,"cm",0.785398163397448,"",4,25,NA,"","Ascomycota"
"Mortierella","alpina","","Mortierella alpina","219.35","asexual","conidia",NA,3,4,NA,NA,2,2,NA,"um",5.49778714378214,2.5,2.5,"cm",4.90873852123405,"",5,20,"MEA","","Ascomycota"
"Mortierella","bainieri","","Mortierella bainieri","442.68","asexual","conidia",NA,6,10,13,NA,3,5,6,"um",25.1327412287183,6,6,"cm",28.2743338823081,"",5,20,"MEA","","Ascomycota"
"Mortierella","bispolaris","","Mortierella bispolaris","873.68","asexual","conidia",NA,8,13,NA,NA,8,13,NA,"um",86.5901475145687,4.2,4.2,"cm",13.854423602331,"",5,20,"MEA","","Ascomycota"
"Mortierella","elongata","","Mortierella elongata","","asexual","conidia",NA,6,13,16,NA,4,6,7,"um",37.3064127613788,10,10,"cm",78.5398163397448,"",5,20,"MEA","","Ascomycota"
"Mortierella","exigua","","Mortierella exigua","","asexual","conidia",NA,6,10,NA,NA,3,5.5,NA,"um",26.7035375555132,9,9,"cm",63.6172512351933,"",5,20,"MEA","","Ascomycota"
"Mortierella","gamsii","","Mortierella gamsii","","asexual","conidia",NA,6,12,14,NA,6,12,NA,"um",63.6172512351933,8,8,"cm",50.2654824574367,"",5,20,"MEA","","Ascomycota"
"Mortierella","horticola","","Mortierella horticola","869.68","asexual","conidia",NA,6,11,13,NA,6,11,NA,"um",56.7450173054656,5.5,5.5,"cm",23.7582944427728,"",5,20,"MEA","","Ascomycota"
"Mortierella","humilis","","Mortierella humilis","","asexual","conidia",NA,6,15,NA,NA,6,15,NA,"um",86.5901475145687,7,7,"cm",38.484510006475,"",5,20,"MEA","","Ascomycota"
"Mortierella","hyalina","","Mortierella hyalina","","asexual","conidia",NA,10,10,NA,NA,10,10,NA,"um",78.5398163397448,7,8,"cm",43.9822971502571,"",5,20,"MEA","conidia is minumium value","Ascomycota"
"Mortierella","minutissima","","Mortierella minutissima","","asexual","conidia",NA,8,8,NA,NA,8,8,NA,"um",50.2654824574367,6,6,"cm",28.2743338823081,"",5,20,"MEA","maximum value","Ascomycota"
"Mortierella","parvispora","","Mortierella parvispora","316.61","asexual","conidia",NA,5,12,NA,NA,5,12,NA,"um",56.7450173054656,3.5,4,"cm",10.9955742875643,"",5,20,"MEA","","Ascomycota"
"Mortierella","polycephala","","Mortierella polycephala","","asexual","conidia",NA,8,12,NA,NA,8,12,NA,"um",78.5398163397448,7.5,7.5,"cm",44.1786466911065,"",5,20,"MEA","","Ascomycota"
"Mortierella","verticillata","","Mortierella verticillata","130.66 x 131.66/380.66","asexual","conidia",NA,5,10,NA,NA,5,10,NA,"um",44.1786466911065,7.2,7.2,"cm",40.7150407905237,"",5,20,"MEA","","Ascomycota"
"Mortierella","wolfii","","Mortierella wolfii","612.7","asexual","conidia",NA,6,10,NA,NA,3,5,NA,"um",25.1327412287183,1.6,1.6,"cm",2.01061929829747,"",5,20,"MEA","","Ascomycota"
"Mucor","circinelloides","f. circinelloides","Mucor circinelloides f. circinelloides","","asexual","chlamydospore",NA,14,18,NA,NA,16,21,NA,"um",232.477856365645,0.6,2,"cm",0.942477796076938,"",5,20,"MEA","high; chlamydospores from figure 199",NA
"Mucor","circinelloides","f. circinelloides","Mucor circinelloides f. circinelloides","","sexual","zygospores",NA,100,100,NA,NA,100,100,NA,"um",7853.98163397448,0.6,2,"cm",0.942477796076938,"",5,20,"MEA","high; chlamydospores from figure 199","Zygomycota"
"Mucor","circinelloides","f. circinelloides","Mucor circinelloides f. circinelloides","","asexual","sporangiospore",NA,4.5,6.5,9,NA,3.5,5,NA,"um",18.3586820694154,0.6,2,"cm",0.942477796076938,"",5,20,"MEA","high; chlamydospores from figure 199",NA
"Mucor","circinelloides","f. griseocyanus","Mucor circinelloides f. griseocyanus","198.29","sexual","zygospores",NA,80,80,NA,NA,80,80,NA,"um",5026.54824574367,0.6,1.3,"cm",0.61261056745001,"",NA,20,"MEA","high","Zygomycota"
"Mucor","circinelloides","f. griseocyanus","Mucor circinelloides f. griseocyanus","198.29","asexual","sporangiospore",NA,4.5,6,8,NA,3.8,4.5,NA,"um",17.1118624850219,0.6,1.3,"cm",0.61261056745001,"",NA,20,"MEA","high",NA
"Mucor","hiemalis","f. corticola","Mucor hiemalis f. corticola","534.78","sexual","zygospores",NA,95,95,110,NA,95,95,110,"um",7088.21842466197,1.8,1.8,"cm",2.54469004940773,"",NA,NA,NA,"high","Zygomycota"
"Mucor","hiemalis","f. corticola","Mucor hiemalis f. corticola","534.78","asexual","sporangiospore",NA,4.5,7,8,NA,2.7,3.5,NA,"um",13.9997222625595,1.8,1.8,"cm",2.54469004940773,"",NA,NA,NA,"high",NA
"Mucor","hiemalis","f. hiemalis","Mucor hiemalis f. hiemalis","","sexual","zygospores",NA,70,70,100,NA,70,70,100,"um",3848.4510006475,1.5,1.5,"cm",1.76714586764426,"",NA,20,"MEA","high","Zygomycota"
"Mucor","hiemalis","f. hiemalis","Mucor hiemalis f. hiemalis","","asexual","sporangiospore",NA,5.5,8.5,NA,NA,2.5,5.5,NA,"um",21.9911485751286,1.5,1.5,"cm",1.76714586764426,"",NA,20,"MEA","high",NA
"Mucor","hiemalis","f. silvaticus","Mucor hiemalis f. silvaticus","508.66","sexual","zygospores",NA,70,70,NA,NA,70,70,NA,"um",3848.4510006475,NA,NA,"cm",NA,"",NA,NA,NA,"","Zygomycota"
"Mucor","hiemalis","f. silvaticus","Mucor hiemalis f. silvaticus","508.66","asexual","sporangiospore",NA,3.5,5.2,NA,NA,2.6,3.5,NA,"um",10.4202701328756,NA,NA,"cm",NA,"",NA,NA,NA,"",NA
"Mucor","mucedo","","Mucor mucedo","228.29","sexual","zygospores",NA,250,250,NA,NA,250,250,NA,"um",49087.3852123405,2.5,5,"cm",9.8174770424681,"",NA,20,"MEA","high","Zygomycota"
"Mucor","mucedo","","Mucor mucedo","228.29","asexual","sporangiospore",NA,10.5,13.5,NA,NA,5.5,7.5,NA,"um",61.261056745001,2.5,5,"cm",9.8174770424681,"",NA,20,"MEA","high",NA
"Mucor","piriformis","","Mucor piriformis","528.68","sexual","zygospores",NA,210,210,240,NA,210,210,240,"um",34636.0590058275,4.5,7,"cm",24.7400421470196,"",NA,20,"MEA","high","Zygomycota"
"Mucor","piriformis","","Mucor piriformis","528.68","asexual","sporangiospore",NA,7,9.5,NA,NA,4,7,NA,"um",35.6374416641592,4.5,7,"cm",24.7400421470196,"",NA,20,"MEA","high",NA
"Mucor","plumbeus","","Mucor plumbeus","","sexual","zygospores",NA,85,85,NA,NA,85,85,NA,"um",5674.50173054656,0.2,2,"cm",0.314159265358979,"",NA,20,"MEA","high, sporangiospores values","Zygomycota"
"Mucor","plumbeus","","Mucor plumbeus","","asexual","sporangiospore",5,7,8,10,5,7,8,10,"um",44.1786466911065,0.2,2,"cm",0.314159265358979,"",NA,20,"MEA","high, sporangiospores values",NA
"Mucor","racemosus","f. racemosus","Mucor racemosus f. racemosus","248.35","sexual","zygospores",NA,90,90,110,NA,90,90,110,"um",6361.72512351933,1.5,4,"cm",4.71238898038469,"",NA,20,"MEA","high","Zygomycota"
"Mucor","racemosus","f. racemosus","Mucor racemosus f. racemosus","248.35","asexual","sporangiospore",NA,5.5,8.5,10,NA,4,7,NA,"um",30.2378292908018,1.5,4,"cm",4.71238898038469,"",NA,20,"MEA","high",NA
"Mucor","racemosus","f. sphaerosporus","Mucor racemosus f. sphaerosporus","115.08","sexual","zygospores",NA,90,90,NA,NA,90,90,NA,"um",6361.72512351933,NA,NA,"cm",NA,"",NA,NA,NA,"","Zygomycota"
"Mucor","racemosus","f. sphaerosporus","Mucor racemosus f. sphaerosporus","115.08","asexual","sporangiospore",NA,4,8,NA,NA,4,8,NA,"um",28.2743338823081,NA,NA,"cm",NA,"",NA,NA,NA,"",NA
"Myceliophthora","vellerea","","Myceliophthora vellerea","479.76","asexual","conidia",NA,9,11,NA,NA,6.5,9.5,NA,"um",62.8318530717959,1,1,"cm",0.785398163397448,"",14,25,"phytone yeast extract","","Ascomycota"
"Myrmecridium","schulzeri","","Myrmecridium schulzeri","304.73","asexual","conidia",6.3,7.5,9,10.5,NA,3,4,NA,"um",22.6783719681013,2.6,3.8,"cm",7.75973385436679,"",14,20,NA,"","Ascomycota"
"Myrothecium","cinctum","","Myrothecium cinctum","277.48","asexual","conidia",NA,6.5,14,NA,NA,2.5,4.5,NA,"um",28.1761591118835,5.5,7,"cm",30.2378292908018,"",14,25,"PDA","","Ascomycota"
"Myrothecium","roridum","","Myrothecium roridum","","asexual","conidia",NA,5.5,7,NA,NA,1.5,2,NA,"um",8.59029241215959,4,6,"cm",18.8495559215388,"",14,25,"PDA","","Ascomycota"
"Myrothecium","verrucaria","","Myrothecium verrucaria","187.46","asexual","conidia",NA,6.5,8,NA,NA,2,3.5,NA,"um",15.6588758827366,4,5,"cm",15.707963267949,"",14,25,"PDA","","Ascomycota"
"Nannizia","fulva","","Nannizia fulva","167.64","sexual","ascospores",NA,2.5,4,NA,NA,1.5,2,NA,"um",4.46695205432299,6,7,"cm",32.9867228626928,"",14,25,"2%MEA","","Ascomycota"
"Nannizia","fulva","","Nannizia fulva","167.64","asexual","conidia",NA,3.3,8.3,NA,NA,1.7,3.3,NA,"um",11.388273369263,6,7,"cm",32.9867228626928,"",14,25,"2%MEA","","Ascomycota"
"Nannizia","grubyia","","Nannizia grubyia","243.66","sexual","ascospores",NA,3,3,NA,NA,2.4,2.4,NA,"um",5.65486677646163,7,7,"cm",38.484510006475,"",14,24,"2%MEA","","Ascomycota"
"Nannizia","grubyia","","Nannizia grubyia","243.66","asexual","conidia",NA,NA,NA,NA,NA,NA,NA,NA,"",NA,7,7,"cm",38.484510006475,"",14,24,"2%MEA","","Ascomycota"
"Nannizia","gypsea","","Nannizia gypsea","170.64 x 171.64","sexual","ascospores",NA,2.5,4,NA,NA,1.5,2,NA,"um",4.46695205432299,9.6,9.6,"cm",72.3822947387088,"",14,25,"2%MEA","","Ascomycota"
"Nannizia","gypsea","","Nannizia gypsea","170.64 x 171.64","asexual","conidia",NA,3.5,9.5,NA,NA,1.7,3.3,NA,"um",12.7627201552085,9.6,9.6,"cm",72.3822947387088,"",14,25,"2%MEA","","Ascomycota"
"Nannizia","incurvata","","Nannizia incurvata","173.64","sexual","ascospores",NA,2.5,3.6,NA,NA,1.5,2,NA,"um",4.19206269713388,5,6,"cm",23.5619449019234,"",14,25,"2%MEA","","Ascomycota"
"Nannizia","incurvata","","Nannizia incurvata","173.64","asexual","conidia",NA,NA,NA,NA,NA,NA,NA,NA,"",NA,5,6,"cm",23.5619449019234,"",14,25,"2%MEA","","Ascomycota"
"Neocosmospora","vasinfecta","","Neocosmospora vasinfecta","237.55","sexual","ascospores",NA,12,16,NA,NA,9,10.5,NA,"um",107.206849303752,2.9,2.9,"cm",6.60519855417254,"",5,25,"OA","","Ascomycota"
"Neocosmospora","vasinfecta","","Neocosmospora vasinfecta","237.55","asexual","conidia",NA,NA,NA,NA,NA,NA,NA,NA,"",NA,2.9,2.9,"cm",6.60519855417254,"",5,25,"OA","","Ascomycota"
"Neosartorya","fischeri","","Neosartorya fischeri","865.70/111.51","sexual","ascospores",NA,7,7,NA,NA,4,4,NA,"um",21.9911485751286,4,6,"cm",18.8495559215388,"",14,25,"CzA","","Ascomycota"
"Neosartorya","fischeri","","Neosartorya fischeri","865.70/111.51","asexual","conidia",NA,2,2.5,NA,NA,2,2.5,NA,"um",3.97607820219958,4,6,"cm",18.8495559215388,"",14,25,"CzA","","Ascomycota"
"Neotestudina","rosatii","","Neotestudina rosatii","","sexual","ascospores",NA,9,12,NA,NA,5,8,NA,"um",53.6034246518758,2.5,2.5,"cm",4.90873852123405,"",14,20,"PDA","","Ascomycota"
"Neotestudina","rosatii","","Neotestudina rosatii","","asexual","conidia",NA,NA,NA,NA,NA,NA,NA,NA,"",NA,2.5,2.5,"cm",4.90873852123405,"",14,20,"PDA","","Ascomycota"
"Nigrospora","sphaerica","","Nigrospora sphaerica","","asexual","conidia",14,16,19,22,NA,16,19,NA,"um",240.528187540469,5.5,9,"cm",38.8772090881737,"",5,20,"MEA","","Ascomycota"
"Oidiodendron","cerealis","","Oidiodendron cerealis","","asexual","conidia",NA,3.5,5.5,NA,NA,2,3,NA,"um",8.83572933822129,1,1.5,"cm",1.17809724509617,"",10,22.5,"PDA","","Ascomycota"
"Oidiodendron","echinulatum","","Oidiodendron echinulatum","113.65","asexual","conidia",NA,2.5,4,NA,NA,2.5,4,NA,"um",8.29576810088555,1,1,"cm",0.785398163397448,"",10,25,"PDA","","Ascomycota"
"Oidiodendron","griseum","","Oidiodendron griseum","701.74","asexual","conidia",NA,2,3.6,NA,NA,1.6,2,NA,"um",3.95840674352314,1,1.5,"cm",1.17809724509617,"",14,25,"PDA","","Ascomycota"
"Oidiodendron","rhodogenum","","Oidiodendron rhodogenum","849.68","asexual","conidia",NA,2,4,NA,NA,1.5,2.2,NA,"um",4.35895980685584,0.5,1,"cm",0.392699081698724,"",10,19,NA,"","Ascomycota"
"Oidiodendron","tennuissimun","","Oidiodendron tennuissimun","920.73","asexual","conidia",NA,2,4,NA,NA,1.5,2.5,NA,"um",4.71238898038469,1.5,1.5,"cm",1.76714586764426,"",12,25,"PDA","","Ascomycota"
"Oidiodendron","trunctatum","","Oidiodendron trunctatum","115.65","asexual","conidia",NA,4,6.5,NA,NA,1.5,3,NA,"um",9.27751580513236,1,1,"cm",0.785398163397448,"",10,25,"PDA","","Ascomycota"
"Paecillium","lilacinum","","Paecillium lilacinum","","asexual","conidia",NA,2.5,3,NA,NA,2,2.2,NA,"um",4.53567439362026,5,7,"cm",27.4889357189107,"",14,25,"MEA","","Ascomycota"
"Papulaspora","immersa","","Papulaspora immersa","890.68","asexual","papulospore",NA,88,150,260,NA,88,150,260,"um",11122.0233918713,8,9,"cm",56.5486677646163,"",5,20,"MEA","",NA
"Papulaspora","irregularis","","Papulaspora irregularis","","asexual","papulospore",NA,140,170,NA,NA,250,300,NA,"um",33477.5967148162,5,5,"cm",19.6349540849362,"",5,20,"MEA","",NA
"Paraconiothyrium","minitans","","Paraconiothyrium minitans","860.71","asexual","conidia",NA,4,6,NA,NA,3.5,4,NA,"um",14.7262155637022,NA,NA,"cm",NA,"",NA,NA,NA,"","Ascomycota"
"Paraconiothyrium","sporulosum","","Paraconiothyrium sporulosum","303.77","asexual","conidia",NA,2.5,4.5,NA,NA,2.2,2.7,NA,"um",6.73478925113312,2.6,2.6,"cm",5.30929158456675,"",10,20,"OA","","Ascomycota"
"Paranomuraea","carnea","","Paranomuraea carnea","","asexual","conidia",NA,3,4,NA,NA,2,2.5,NA,"um",6.18501053675491,1.4,2.2,"cm",2.41902634326414,"",14,25,"MEA","","Ascomycota"
"Paranomuraea","marquandii","","Paranomuraea marquandii","","asexual","conidia",NA,3.5,3.5,NA,NA,3.5,3.5,NA,"um",9.62112750161874,5,7,"cm",27.4889357189107,"",14,25,"MEA","","Ascomycota"
"Pecilomyces","variotii","","Pecilomyces variotii","","asexual","conidia",NA,3.2,5,NA,NA,2,4,NA,"um",9.66039740978861,8,8,"cm",50.2654824574367,"",14,25,"MEA","","Ascomycota"
"Penicillium","brevicompactum","","Penicillium brevicompactum","","asexual","conidia",NA,3.5,4,NA,NA,3.5,4,NA,"um",11.0446616727766,1.5,2,"cm",2.35619449019234,"",14,24,"CzA","","Ascomycota"
"Penicillium","canescens","","Penicillium canescens","288.53","asexual","conidia",NA,2,2.5,NA,NA,2,2.5,NA,"um",3.97607820219958,3.5,4,"cm",10.9955742875643,"",11.5,25,"CzA","","Ascomycota"
"Penicillium","charlesii","","Penicillium charlesii","330.59","asexual","conidia",NA,2.5,3,NA,NA,2.5,3,NA,"um",5.9395736106932,2,2.5,"cm",3.92699081698724,"",13,25,"CzA","","Ascomycota"
"Penicillium","chrysogenum","","Penicillium chrysogenum","169.46/306.48","asexual","conidia",NA,2,4,NA,NA,2.8,3.5,NA,"um",7.42201264410589,2.5,4,"cm",7.85398163397448,"",14,25,"CzA","","Ascomycota"
"Penicillium","citrinum","","Penicillium citrinum","","asexual","conidia",NA,3,3,NA,NA,3,3,NA,"um",7.06858347057703,2,2.5,"cm",3.92699081698724,"",12,24,"CzA","","Ascomycota"
"Penicillium","corylophilum","","Penicillium corylophilum","312.48","asexual","conidia",NA,2.5,3,NA,NA,2.5,3,NA,"um",5.9395736106932,2.5,3,"cm",5.89048622548086,"",12,25,"MEA","","Ascomycota"
"Penicillium","cyclopium","","Penicillium cyclopium","","asexual","conidia",NA,2.7,2.7,NA,NA,2.7,2.7,NA,"um",5.7255526111674,4.5,5,"cm",17.6714586764426,"",14,24,"CzA","conidia measured by figure 240","Ascomycota"
"Penicillium","daleae","","Penicillium daleae","211.28","asexual","conidia",NA,2.5,4,NA,NA,2.5,3,NA,"um",7.01949608536469,4,4.5,"cm",14.1371669411541,"",12,24,"CzA","","Ascomycota"
"Penicillium","decumbens","","Penicillium decumbens","258.33","asexual","conidia",NA,2,2.5,NA,NA,2,2.5,NA,"um",3.97607820219958,2,3,"cm",4.71238898038469,"",12,25,"CzA","","Ascomycota"
"Penicillium","digitatum","","Penicillium digitatum","319.48","asexual","conidia",NA,3.5,5,NA,NA,3,3.5,NA,"um",10.8483121319273,1,1,"cm",0.785398163397448,"",12,24,"CzA","","Ascomycota"
"Penicillium","expansum","","Penicillium expansum","146.45","asexual","conidia",NA,3,3.5,NA,NA,3,3.5,NA,"um",8.29576810088555,4,5,"cm",15.707963267949,"",14,24,"CzA/MEA","","Ascomycota"
"Penicillium","funiculosum","","Penicillium funiculosum","884.72","asexual","conidia",NA,2.5,3.5,NA,NA,2,2.5,NA,"um",5.30143760293278,4.5,5.5,"cm",19.4386045440868,"",13,24,"CzA","","Ascomycota"
"Penicillium","glabrum","","Penicillium glabrum","","asexual","conidia",NA,3,3.5,NA,NA,3,3.5,NA,"um",8.29576810088555,5,6,"cm",23.5619449019234,"",13,25,"CzA","","Ascomycota"
"Penicillium","glandicola","","Penicillium glandicola","","asexual","conidia",NA,3,3.5,NA,NA,3,3.5,NA,"um",8.29576810088555,2,3,"cm",4.71238898038469,"",7,24,"CzA","","Ascomycota"
"Penicillium","griseofulvum","","Penicillium griseofulvum","","asexual","conidia",NA,2.5,3.5,NA,NA,2.2,2.5,NA,"um",5.53705705195201,1.8,2,"cm",2.82743338823081,"",7,24,"CzA","","Ascomycota"
"Penicillium","herquei","","Penicillium herquei","336.48","asexual","conidia",NA,3.5,4,NA,NA,2.2,3,NA,"um",7.65763209312512,2,3,"cm",4.71238898038469,"",14,24,"CzA","","Ascomycota"
"Penicillium","hirsutum","","Penicillium hirsutum","","asexual","conidia",NA,3,3.3,NA,NA,3,3.3,NA,"um",7.79311327631118,4.5,5,"cm",17.6714586764426,"",9,24,"CzA","","Ascomycota"
"Penicillium","hispanicum","","Penicillium hispanicum","","asexual","conidia",NA,2,3,NA,NA,2,2.5,NA,"um",4.41786466911065,1.5,2,"cm",2.35619449019234,"",14,25,"CzA","","Ascomycota"
"Penicillium","islandicum","","Penicillium islandicum","189.68","asexual","conidia",NA,3,3.5,NA,NA,2.5,3,NA,"um",7.01949608536469,2.5,3.5,"cm",6.87223392972767,"",14,NA,NA,"","Ascomycota"
"Penicillium","italicum","","Penicillium italicum","","asexual","conidia",NA,4,5,NA,NA,2.5,3.5,NA,"um",10.6028752058656,2,2.5,"cm",3.92699081698724,"",12,24,"CzA","","Ascomycota"
"Penicillium","janczewskii","","Penicillium janczewskii","","asexual","conidia",NA,3,3.5,NA,NA,3,3.5,NA,"um",8.29576810088555,2.5,3,"cm",5.89048622548086,"",11,25,"CzA","","Ascomycota"
"Penicillium","janthinellum","","Penicillium janthinellum","","asexual","conidia",NA,3,3.5,NA,NA,3,3.5,NA,"um",8.29576810088555,5,7,"cm",27.4889357189107,"",10,24,"CzA","","Ascomycota"
"Penicillium","jensenii","","Penicillium jensenii","342.48","asexual","conidia",NA,2,2.5,NA,NA,2,2.5,NA,"um",3.97607820219958,2.5,3,"cm",5.89048622548086,"",13,24,"CzA/MEA","","Ascomycota"
"Penicillium","lanosum","","Penicillium lanosum","","asexual","conidia",NA,2.5,3,NA,NA,2.5,3,NA,"um",5.9395736106932,2,2,"cm",3.14159265358979,"",7,24,"CzA/MEA","","Ascomycota"
"Penicillium","lividum","","Penicillium lividum","287.65","asexual","conidia",NA,3,4,NA,NA,2.6,3,NA,"um",7.69690200129499,3,3.5,"cm",8.24668071567321,"",11,25,"CzA","","Ascomycota"
"Penicillium","oxalicum","","Penicillium oxalicum","347.68","asexual","conidia",NA,4.5,6.5,NA,NA,3,4,NA,"um",15.1189146454009,3.5,5,"cm",13.7444678594553,"",10,24,"CzA","","Ascomycota"
"Penicillium","purpurogenum","","Penicillium purpurogenum","257.37","asexual","conidia",NA,3,3.5,NA,NA,2.5,3,NA,"um",7.01949608536469,1.5,2.5,"cm",2.94524311274043,"",14,25,"CzA","","Ascomycota"
"Penicillium","restrictum","","Penicillium restrictum","367.48","asexual","conidia",NA,2,2.5,3,NA,2,2.5,NA,"um",3.97607820219958,2,2.5,"cm",3.92699081698724,"",13,25,NA,"","Ascomycota"
"Penicillium","rubrum","","Penicillium rubrum","","asexual","conidia",NA,2.2,3.5,NA,NA,2,2.5,NA,"um",5.03636572278614,4,5,"cm",15.707963267949,"",14,NA,NA,"","Ascomycota"
"Penicillium","rugulosum","","Penicillium rugulosum","","asexual","conidia",NA,3,3.5,NA,NA,2.5,3,NA,"um",7.01949608536469,2.5,3,"cm",5.89048622548086,"",14,25,"MEA","","Ascomycota"
"Penicillium","sacculum","","Penicillium sacculum","449.69","asexual","conidia",NA,5.5,6,NA,NA,3,3.5,NA,"um",14.6771281784898,2.2,2.2,"cm",3.80132711084365,"",10,20,"MEA","","Ascomycota"
"Penicillium","scabrosum","","Penicillium scabrosum","","asexual","conidia",NA,3,3.5,NA,NA,3,3.5,NA,"um",8.29576810088555,2,2,"cm",3.14159265358979,"",10,20,"MEA","","Ascomycota"
"Penicillium","simplicissimum","","Penicillium simplicissimum","","asexual","conidia",NA,2.5,3,NA,NA,2.5,3,NA,"um",5.9395736106932,4,4.5,"cm",14.1371669411541,"",13,24,"CzA","","Ascomycota"
"Penicillium","solitum","","Penicillium solitum","","asexual","conidia",NA,NA,NA,NA,NA,NA,NA,NA,"",NA,3,4,"cm",9.42477796076938,"",14,25,"CzA","","Ascomycota"
"Penicillium","spinulosum","","Penicillium spinulosum","","asexual","conidia",NA,3,5.5,NA,NA,3,5.5,NA,"um",14.1862543263664,4.5,5.5,"cm",19.4386045440868,"",13,24,"CzA","","Ascomycota"
"Penicillium","steckii","","Penicillium steckii","260.55","asexual","conidia",NA,2,2.5,NA,NA,2,2.5,NA,"um",3.97607820219958,2,2,"cm",3.14159265358979,"",11,24,"CzA/MEA","","Ascomycota"
"Penicillium","stoloniferum","","Penicillium stoloniferum","227.28","asexual","conidia",NA,2.5,3.5,NA,NA,2.5,3.5,NA,"um",7.06858347057703,3,4,"cm",9.42477796076938,"",14,24,"CzA/MEA","","Ascomycota"
"Penicillium","thomii","","Penicillium thomii","111.66","asexual","conidia",NA,3,3.5,NA,NA,3,3.5,NA,"um",8.29576810088555,3.5,4,"cm",10.9955742875643,"",12,24,"CzA","","Ascomycota"
"Penicillium","variabile","","Penicillium variabile","","asexual","conidia",NA,3,3.5,NA,NA,2,2.5,NA,"um",5.74322406984384,3,4,"cm",9.42477796076938,"",14,25,"CzA","","Ascomycota"
"Penicillium","viridicatum","","Penicillium viridicatum","","asexual","conidia",NA,3,4,NA,NA,3,4,NA,"um",9.62112750161874,2.5,3.5,"cm",6.87223392972767,"",14,25,"CzA","","Ascomycota"
"Penicillium","vulpinum","","Penicillium vulpinum","","asexual","conidia",NA,4,4.5,NA,NA,3,3.5,NA,"um",10.8483121319273,2.5,3,"cm",5.89048622548086,"",13,24,"CzA/MEA","","Ascomycota"
"Penicillium","westlingii","","Penicillium westlingii","586.7","asexual","conidia",NA,2,2.5,NA,NA,2,2.5,NA,"um",3.97607820219958,1.5,2,"cm",2.35619449019234,"",10,24,"CzA","","Ascomycota"
"Periconia","macrospinosa","","Periconia macrospinosa","876.68","asexual","conidia",NA,18,35,NA,NA,18,35,NA,"um",551.545860245858,3.2,4.7,"cm",11.8123883774976,"",10,20,"MEA","","Ascomycota"
"Peziza ","ostracoderma","","Peziza  ostracoderma","202.68","sexual","ascospores",NA,11,13.5,NA,NA,6,8,10,"um",67.3478925113312,9,9,"cm",63.6172512351933,"",5,20,"MEA","","Ascomycota"
"Peziza ","ostracoderma","","Peziza  ostracoderma","202.68","asexual","conidia",NA,5,13,NA,NA,5,13,NA,"um",63.6172512351933,9,9,"cm",63.6172512351933,"",5,20,"MEA","","Ascomycota"
"Phialophora","cinerescens","","Phialophora cinerescens","418.5","asexual","conidia",NA,3,5,7,NA,2.5,3.5,NA,"um",9.42477796076938,1.2,1.7,"cm",1.60221225333079,"",10,20,"MEA","","Ascomycota"
"Phialophora","cyclaminis","","Phialophora cyclaminis","166.42","asexual","conidia",NA,1.5,2.5,NA,NA,1.5,2.5,NA,"um",3.14159265358979,3,3.5,"cm",8.24668071567321,"",10,20,"MEA","","Ascomycota"
"Phitomyces","chartarum","","Phitomyces chartarum","679.61","asexual","conidia",NA,18,29,NA,NA,10,17,NA,"um",249.16756733784,9,9,"cm",63.6172512351933,"",8,24,"PDA","","Ascomycota"
"Phoma","chrysanthemicola","","Phoma chrysanthemicola","","asexual","conidia",NA,3.5,6.5,NA,NA,1.5,3,NA,"um",8.83572933822129,6,8,"cm",37.6991118430775,"",7,21,"OA","","Ascomycota"
"Phoma","eupyrena","","Phoma eupyrena","","asexual","conidia",NA,3.5,6,NA,NA,1.5,3,NA,"um",8.39394287131023,4.5,4.5,"cm",15.9043128087983,"",7,21,"OA","","Ascomycota"
"Phoma","exigua","","Phoma exigua","","asexual","conidia",NA,4,8.5,NA,NA,2,3,NA,"um",12.2718463030851,6,8,"cm",37.6991118430775,"",7,21,"OA","","Ascomycota"
"Phoma","glomerata","","Phoma glomerata","","asexual","conidia",NA,6,7.5,NA,NA,3,3.5,NA,"um",17.2296722095315,5,7.5,"cm",29.4524311274043,"",7,21,"OA","","Ascomycota"
"Phoma","herbarum","","Phoma herbarum","","asexual","conidia",NA,4.5,5,NA,NA,2,2.5,NA,"um",8.39394287131023,3.5,4.5,"cm",12.3700210735098,"",7,21,"OA","","Ascomycota"
"Phoma","leveillei","","Phoma leveillei","","asexual","conidia",NA,3,7,NA,NA,1,3,NA,"um",7.85398163397448,2,3,"cm",4.71238898038469,"",7,21,"OA","","Ascomycota"
"Phoma","pinodella","","Phoma pinodella","","asexual","conidia",NA,4,9,NA,NA,2,4,NA,"um",15.3152641862502,4,6.5,"cm",20.4203522483337,"",7,21,"OA","","Ascomycota"
"Phoma","pomorum","","Phoma pomorum","","asexual","conidia",NA,5,7,NA,NA,2,3.4,NA,"um",12.7234502470387,4,6,"cm",18.8495559215388,"",7,21,"OA","","Ascomycota"
"Phymatotrichopsis","omnivora","","Phymatotrichopsis omnivora","183.79","asexual","conidia",NA,6,8,NA,NA,5,6,NA,"um",30.2378292908018,1,1,"cm",0.785398163397448,"",1,25,"MEA","","Ascomycota"
"Phytium","aphanidermatum","","Phytium aphanidermatum","258.3","sexual/asexual","oospore",NA,17,19,NA,NA,17,19,NA,"um",254.469004940773,2.5,3,"cm",5.89048622548086,"",1,25,"CMA","","Oomycota"
"Phytium","intermedium","","Phytium intermedium","224.68","sexual/asexual","oospore",NA,13,22,NA,NA,13,22,NA,"um",240.528187540469,2.5,2.5,"cm",4.90873852123405,"",1,25,"CMA","","Oomycota"
"Phytium","irregulare","","Phytium irregulare","287.31/250.28","sexual/asexual","oospore",NA,8,25,NA,NA,8,25,NA,"um",213.824649984955,2.5,3,"cm",5.89048622548086,"",1,25,"CMA","","Oomycota"
"Phytium","mamillatum","","Phytium mamillatum","251.28","sexual/asexual","oospore",NA,NA,NA,NA,NA,NA,NA,NA,"",NA,2.5,2.8,"cm",5.49778714378214,"",1,25,"CMA","","Oomycota"
"Phytium","oligandrum","","Phytium oligandrum","382.34","sexual/asexual","oospore",NA,15,30,NA,NA,15,30,NA,"um",397.607820219958,2.7,3,"cm",6.36172512351933,"",1,25,"CMA","","Oomycota"
"Phytium","paroecandrum","","Phytium paroecandrum","157.69","sexual/asexual","oospore",NA,10,22,NA,NA,10,22,NA,"um",201.061929829747,1.5,1.5,"cm",1.76714586764426,"",1,25,"CMA","","Oomycota"
"Phytium","rostratum","","Phytium rostratum","172.68","sexual/asexual","oospore",NA,NA,NA,NA,NA,NA,NA,NA,"um",NA,0.7,0.9,"cm",0.494800842940392,"",1,25,"CMA","","Oomycota"
"Phytium","sylvaticum","","Phytium sylvaticum","225.68/232.68","sexual/asexual","oospore",9,10,24,30,9,10,24,30,"um",226.980069221863,3,3,"cm",7.06858347057703,"",1,26.5,"CMA","","Oomycota"
"Phytium","torulosum","","Phytium torulosum","405.67","sexual/asexual","oospore",NA,11,15,NA,NA,11,15,NA,"um",132.732289614169,1.3,1.3,"cm",1.32732289614169,"",1,25,"CMA","","Oomycota"
"Phytium","ultimum","ultimum","Phytium ultimum ultimum","","sexual/asexual","oospore",NA,15,18,NA,NA,15,18,NA,"um",213.824649984955,3,3,"cm",7.06858347057703,"",1,25,"CMA","","Oomycota"
"Phytophtora","cactorum","","Phytophtora cactorum","268.55","sexual/asexual","chlamydospores",NA,19,33,55,NA,19,33,55,"um",530.929158456675,NA,NA,"cm",NA,NA,NA,NA,NA,"",NA
"Phytophtora","cactorum","","Phytophtora cactorum","268.55","sexual/asexual","oospore",NA,20,26,NA,NA,20,26,NA,"um",415.47562843725,NA,NA,"cm",NA,NA,NA,NA,NA,"","Oomycota"
"Phytophtora","cinnamomi","","Phytophtora cinnamomi","","asexual","conidia",NA,NA,NA,NA,NA,NA,NA,NA,"",NA,NA,NA,"cm",NA,NA,NA,NA,NA,"","Ascomycota"
"Plectosphaerella","cucumerina","","Plectosphaerella cucumerina","","sexual","ascospores",NA,10.8,12,NA,NA,2.8,3,NA,"um",25.9652632819196,4,5,"cm",15.707963267949,"",10,20,"MEA/OA","","Ascomycota"
"Plectosphaerella","cucumerina","","Plectosphaerella cucumerina","","asexual","conidia",NA,8.2,13.5,NA,NA,2.2,3,NA,"um",22.156082189442,4,5,"cm",15.707963267949,"",10,20,"MEA/OA","","Ascomycota"
"Pleospora","herbarum","","Pleospora herbarum","406.76","asexual","conidia",20,24,38,NA,12,15,26,NA,"um",499.120532839078,6,8,"cm",37.6991118430775,"",9,23,"MEA","","Ascomycota"
"Pleurostomophora","richardsiae","","Pleurostomophora richardsiae","270.33","asexual","conidia",NA,8,16,NA,NA,1.5,3,NA,"um",21.2057504117311,2,2.5,"cm",3.92699081698724,"",10,20,"MEA","","Ascomycota"
"Pochonia","chlamydosporia","catenulata","Pochonia chlamydosporia catenulata","","asexual","conidia",NA,2.9,3.3,NA,NA,1.9,2.2,NA,"um",4.99120532839078,2.3,2,"cm",3.61283155162826,"",10,20,"MEA","","Ascomycota"
"Pochonia","chlamydosporia","chlamydospria","Pochonia chlamydosporia chlamydospria","103.65","asexual","conidia",NA,3,4,NA,NA,1.5,2,NA,"um",4.81056375080937,1.3,2,"cm",2.04203522483337,"",10,20,"MEA","","Ascomycota"
"Preussia","aemulans","","Preussia aemulans","120.66","sexual","ascospores",NA,28,35,NA,NA,5,7,NA,"um",148.440252882118,2.6,3.2,"cm",6.53451271946677,"",10,24,"OA","","Ascomycota"
"Preussia","aemulans","","Preussia aemulans","120.66","asexual","conidia",NA,2.5,3,NA,NA,1.5,2,NA,"um",3.77972866135022,2.6,3.2,"cm",6.53451271946677,"",10,24,"OA","","Ascomycota"
"Preussia","fleischhakii","","Preussia fleischhakii","126.66","sexual","ascospores",NA,26,35,NA,NA,5.5,7.5,NA,"um",155.705185893544,3,3,"cm",7.06858347057703,"",10,24,"OA","","Ascomycota"
"Preussia","fleischhakii","","Preussia fleischhakii","126.66","asexual","conidia",NA,NA,NA,NA,NA,NA,NA,NA,"",NA,3,3,"cm",7.06858347057703,"",10,24,"OA","","Ascomycota"
"Preussia","funiculata","","Preussia funiculata","127.66","sexual","ascospores",24,28,32,38,5,6,7,7.5,"um",153.152641862502,3,4,"cm",9.42477796076938,"",10,24,"OA","","Ascomycota"
"Preussia","funiculata","","Preussia funiculata","127.66","asexual","conidia",NA,NA,NA,NA,NA,NA,NA,NA,"",NA,3,4,"cm",9.42477796076938,"",10,24,"OA","","Ascomycota"
"Pseudallescheria","boydii","","Pseudallescheria boydii","","sexual","ascospores",NA,6,7,NA,NA,3,3.8,NA,"um",17.3572994110836,4,5,"cm",15.707963267949,"",5,25,"OA","","Ascomycota"
"Pseudallescheria","boydii","","Pseudallescheria boydii","","asexual","conidia",NA,6,14,NA,NA,3.5,6,NA,"um",37.3064127613788,4,5,"cm",15.707963267949,"",5,25,"OA","","Ascomycota"
"Pseudeurotium","ovale","","Pseudeurotium ovale","","sexual","ascospores",NA,5.5,6,NA,NA,3.5,4,NA,"um",16.9351478982575,3.2,3.2,"cm",8.04247719318987,"",10,24,"OA","","Ascomycota"
"Pseudeurotium","ovale","","Pseudeurotium ovale","","asexual","conidia",NA,NA,NA,NA,NA,NA,NA,NA,"",NA,3.2,3.2,"cm",8.04247719318987,"",10,24,"OA","","Ascomycota"
"Pseudeurotium","zonatum","","Pseudeurotium zonatum","","sexual","ascospores",NA,3,4.5,NA,NA,3,4.5,NA,"um",11.0446616727766,3,3,"cm",7.06858347057703,"",10,24,"OA","","Ascomycota"
"Pseudeurotium","zonatum","","Pseudeurotium zonatum","","asexual","conidia",NA,4,6,NA,NA,2.5,3.5,4.5,"um",11.7809724509617,3,3,"cm",7.06858347057703,"",10,24,"OA","","Ascomycota"
"Pseudobotrytis","terrestris","","Pseudobotrytis terrestris","104.54","asexual","conidia",NA,6.5,9,NA,NA,2.8,3.5,NA,"um",19.1735326639402,2.5,3.5,"cm",6.87223392972767,"",10,20,"MEA","","Ascomycota"
"Pseudogymnoascus","roseus","","Pseudogymnoascus roseus","","sexual","ascospores",NA,3,4,NA,NA,2,2.5,NA,"um",6.18501053675491,2,3,"cm",4.71238898038469,"",14,25,"OA","","Ascomycota"
"Pseudogymnoascus","roseus","","Pseudogymnoascus roseus","","asexual","conidia",NA,2,4.5,NA,NA,1.5,2.5,NA,"um",5.10508806208341,2,3,"cm",4.71238898038469,"",14,25,"OA","","Ascomycota"
"Rhizomucor","pusillus","","Rhizomucor pusillus","354.68","sexual","zygospores",NA,45,63,70,NA,45,63,70,"um",2290.22104446696,NA,NA,"cm",NA,NA,NA,NA,NA,"","Zygomycota"
"Rhizomucor","pusillus","","Rhizomucor pusillus","354.68","asexual","sporangiospore",NA,3,5,NA,NA,3,5,NA,"um",12.5663706143592,NA,NA,"cm",NA,NA,NA,NA,NA,"",NA
"Rhizopus","oryzae","","Rhizopus oryzae","329.47","asexual","chlamydospore",NA,10,35,NA,NA,10,35,NA,"um",397.607820219958,NA,NA,"cm",NA,NA,NA,NA,NA,"",NA
"Rhizopus","oryzae","","Rhizopus oryzae","329.47","asexual","sporangiospore",4,6,8,12,3,4.5,6,8,"um",28.8633825048562,NA,NA,"cm",NA,NA,NA,NA,NA,"",NA
"Rhizopus","stolonifer","","Rhizopus stolonifer","109.76","sexual","zygospores",NA,150,200,NA,NA,150,200,NA,"um",24052.8187540469,NA,NA,"cm",NA,NA,NA,NA,NA,"","Zygomycota"
"Rhizopus","stolonifer","","Rhizopus stolonifer","109.76","asexual","sporangiospore",5.5,7,12,14,4.5,6,8.5,12,"um",54.0942985039992,NA,NA,"cm",NA,NA,NA,NA,NA,"",NA
"Sagenomella","diversispora","","Sagenomella diversispora","354.36","asexual","hyaline_conidia",NA,3.5,5,NA,NA,1.5,2.5,NA,"um",6.67588438887831,1.4,1.4,"cm",1.539380400259,"",10,20,"MEA","","Ascomycota"
"Sagenomella","diversispora","","Sagenomella diversispora","354.36","asexual","pigmented_conidia",NA,4.5,8.5,NA,NA,4,5.5,NA,"um",24.2491682948962,1.4,1.4,"cm",1.539380400259,"",10,20,"MEA","","Ascomycota"
"Scelrotinia","scelrotiorum","","Scelrotinia scelrotiorum","537.77","sexual","ascospores",NA,9,15,NA,NA,4,7,NA,"um",51.8362787842316,4,4,"cm",12.5663706143592,"",5,20,"OA","","Ascomycota"
"Scelrotinia","scelrotiorum","","Scelrotinia scelrotiorum","537.77","asexual","conidia",NA,2.5,3.2,NA,NA,2.5,3.2,NA,"um",6.37939658219577,4,4,"cm",12.5663706143592,"",5,20,"OA","","Ascomycota"
"Scolecobasidium","constrictum","","Scolecobasidium constrictum","124.65","asexual","conidia",NA,5,12.5,NA,NA,2,4,NA,"um",20.616701789183,2,3,"cm",4.71238898038469,"",21,25,NA,"","Ascomycota"
"Scolecobasidium","humicola","","Scolecobasidium humicola","172.74","asexual","conidia",NA,7.5,15,NA,NA,2.8,4.5,NA,"um",32.2504120845077,4,4,"cm",12.5663706143592,"",21,25,NA,"","Ascomycota"
"Scolecobasidium","salinum","","Scolecobasidium salinum","142.6","asexual","conidia",NA,30,45,70,NA,4,7,9,"um",161.988371200724,3,4,"cm",9.42477796076938,"",14,20,NA,"","Ascomycota"
"Scolecobasidium","terreum","","Scolecobasidium terreum","536.69","asexual","chlamydospore",NA,4,6.5,NA,NA,4,6.5,NA,"um",21.6475368786422,2,3,"cm",4.71238898038469,"",21,25,NA,"LYT shape spores",NA
"Scolecobasidium","terreum","","Scolecobasidium terreum","536.69","asexual","conidia",NA,4,12,NA,NA,1.5,2.5,NA,"um",12.5663706143592,2,3,"cm",4.71238898038469,"",21,25,NA,"LYT shape spores","Ascomycota"
"Scolecobasidium","tshawytschae","","Scolecobasidium tshawytschae","130.65","asexual","conidia",NA,9,20,NA,NA,2.5,4.5,NA,"um",39.8589567924205,2,3,"cm",4.71238898038469,"",21,25,NA,"","Ascomycota"
"Scopulariopsis","acremonium","","Scopulariopsis acremonium","104.65","asexual","conidia",NA,8,14,NA,NA,5,6,NA,"um",47.5165888855456,0.6,0.7,"cm",0.329867228626928,"",7,24,"MEA","","Ascomycota"
"Scopulariopsis","brevicaulis","","Scopulariopsis brevicaulis","273.3","asexual","conidia",NA,5,8,9,NA,5,7,NA,"um",30.6305283725005,4.5,5.5,"cm",19.4386045440868,"",7,24,"MEA","","Ascomycota"
"Scopulariopsis","brumtii","","Scopulariopsis brumtii","896.68","asexual","conidia",NA,4.3,5.3,NA,NA,3.5,4.5,NA,"um",15.079644737231,1,1.6,"cm",1.25663706143592,"",7,24,"MEA","","Ascomycota"
"Scopulariopsis","chartarum","","Scopulariopsis chartarum","897.68","asexual","conidia",NA,4,5.5,NA,NA,3,4,NA,"um",13.0572444664826,0.4,0.6,"cm",0.188495559215388,"",7,24,"MEA","","Ascomycota"
"Scopulariopsis","fusca","","Scopulariopsis fusca","872.68","asexual","conidia",NA,5,8,NA,NA,5,7,NA,"um",30.6305283725005,1.9,2.5,"cm",3.73064127613788,"",7,24,"MEA","","Ascomycota"
"Sordaria","fimicola","","Sordaria fimicola","485.64","sexual","ascospores",NA,19,24,NA,NA,11,14,NA,"um",211.075756413064,1.9,1.9,"cm",2.83528736986479,"",1,18,NA,"","Ascomycota"
"Sordaria","fimicola","","Sordaria fimicola","485.64","asexual","conidia",NA,NA,NA,NA,NA,NA,NA,NA,"",NA,1.9,1.9,"cm",2.83528736986479,"",1,18,NA,"","Ascomycota"
"Sporothrix","schenkii","","Sporothrix schenkii","","asexual","conidia",NA,2.5,5.5,NA,NA,1.5,2.5,NA,"um",6.28318530717959,0.6,2.2,"cm",1.03672557568463,"",10,20,"MEA","","Ascomycota"
"Stachybotrys","chartarum","","Stachybotrys chartarum","","asexual","conidia",NA,7,12,NA,NA,4,6,NA,"um",37.3064127613788,1.4,1.4,"cm",1.539380400259,"",5,25,"OA","","Ascomycota"
"Stachybotrys","echinata","","Stachybotrys echinata","304.54","asexual","conidia",NA,3,6,NA,NA,3,6,NA,"um",15.9043128087983,1.3,1.3,"cm",1.32732289614169,"",5,24,"OA","","Ascomycota"
"Stachybotrys","elegans","","Stachybotrys elegans","868.73","asexual","slender_conidia",NA,10,16,NA,NA,3,6,NA,"um",45.9457925587507,3.3,3.3,"cm",8.55298599939821,"",5,25,"OA","","Ascomycota"
"Stachybotrys","elegans","","Stachybotrys elegans","868.73","asexual","fusiform_conidia",NA,8,14,NA,NA,6,9,NA,"um",64.7953484802895,3.3,3.3,"cm",8.55298599939821,"",5,25,"OA","","Ascomycota"
"Staphylotrichum","coccosporum","","Staphylotrichum coccosporum","","asexual","aleuroconidia/chlamydospores",NA,10,14,NA,NA,10,14,NA,"um",113.097335529233,2.8,1.8,"cm",3.95840674352314,"",5,25,"OA","","Ascomycota"
"Staphylotrichum","coccosporum","","Staphylotrichum coccosporum","","asexual","conidia",NA,10,12,NA,NA,10,12,NA,"um",95.0331777710912,2.8,1.8,"cm",3.95840674352314,"",5,25,"OA","","Ascomycota"
"Syncephalastrum","racemosum","","Syncephalastrum racemosum","302.65","sexual","zygospores",NA,50,90,NA,NA,50,90,NA,"um",3848.4510006475,NA,NA,"cm",NA,NA,NA,NA,NA,"","Zygomycota"
"Syncephalastrum","racemosum","","Syncephalastrum racemosum","302.65","asexual","sporangiospore",NA,3,5,NA,NA,3,5,NA,"um",12.5663706143592,NA,NA,"cm",NA,NA,NA,NA,NA,"",NA
"Talaromyces","emersonii","","Talaromyces emersonii","","sexual","ascospores",NA,3.5,4,NA,NA,2.7,3.5,NA,"um",9.13025364949534,5,7,"cm",27.4889357189107,"",7,47.5,"MEA","","Ascomycota"
"Talaromyces","emersonii","","Talaromyces emersonii","","asexual","conidia",NA,3.5,5,NA,NA,1.5,2.7,NA,"um",7.00967860832223,5,7,"cm",27.4889357189107,"",7,47.5,"MEA","","Ascomycota"
"Talaromyces","flavus","","Talaromyces flavus","","sexual","ascospores",NA,3.5,5,NA,NA,2.5,3.2,NA,"um",9.51313525415159,7,8,"cm",43.9822971502571,"",14,25,"MEA","","Ascomycota"
"Talaromyces","flavus","","Talaromyces flavus","","asexual","conidia",NA,2.2,3.5,NA,NA,2,2.5,NA,"um",5.03636572278614,7,8,"cm",43.9822971502571,"",14,25,"MEA","","Ascomycota"
"Talaromyces","helicus","helicus","Talaromyces helicus helicus","","sexual","ascospores",NA,2.5,3,NA,NA,1.5,2,NA,"um",3.77972866135022,6,6,"cm",28.2743338823081,"",14,25,"MEA","","Ascomycota"
"Talaromyces","helicus","helicus","Talaromyces helicus helicus","","asexual","conidia",NA,NA,NA,NA,NA,NA,NA,NA,"",NA,6,6,"cm",28.2743338823081,"",14,25,"MEA","","Ascomycota"
"Talaromyces","trachyspermus","","Talaromyces trachyspermus","","sexual","ascospores",NA,3,3.5,NA,NA,2,2.5,NA,"um",5.74322406984384,3.5,3.5,"cm",9.62112750161874,"",14,25,"MEA","","Ascomycota"
"Talaromyces","trachyspermus","","Talaromyces trachyspermus","","asexual","conidia",NA,NA,NA,NA,NA,NA,NA,NA,"",NA,3.5,3.5,"cm",9.62112750161874,"",14,25,"MEA","","Ascomycota"
"Talaromyces","wortmannii","","Talaromyces wortmannii","","sexual","ascospores",NA,3.7,4.7,NA,NA,2.5,3.5,NA,"um",9.89601685880785,3,4,"cm",9.42477796076938,"",14,25,"MEA","","Ascomycota"
"Talaromyces","wortmannii","","Talaromyces wortmannii","","asexual","conidia",NA,NA,NA,NA,NA,NA,NA,NA,"",NA,3,4,"cm",9.42477796076938,"",14,25,"MEA","","Ascomycota"
"Tetracladium","setigerum","","Tetracladium setigerum","","asexual","conidia",NA,12,15,NA,NA,3,5,NA,"um",42.4115008234622,3.2,4.8,"cm",12.0637157897848,"",20,20,"MEA/OA","","Ascomycota"
"Thamnidium","elegans","","Thamnidium elegans","","sexual","zygospores",NA,80,125,NA,NA,80,125,NA,"um",8251.58945419444,5,5,"cm",19.6349540849362,"",16,20,"Mucor","","Zygomycota"
"Thamnidium","elegans","","Thamnidium elegans","","asexual","sporangiospore",NA,6.5,15.5,NA,NA,4.5,7.5,NA,"um",51.8362787842316,5,5,"cm",19.6349540849362,"",16,20,"Mucor","",NA
"Thanatephorus","cucumeris","","Thanatephorus cucumeris","","sexual","basidiospores",NA,6,14,NA,NA,4,8,NA,"um",47.1238898038469,9,9,"cm",63.6172512351933,"",3,NA,NA,"","Basidiomycota"
"Thanatephorus","cucumeris","","Thanatephorus cucumeris","","asexual","conidia",NA,NA,NA,NA,NA,NA,NA,NA,"",NA,9,9,"cm",63.6172512351933,"",3,NA,NA,"","Ascomycota"
"Thelebolus","polysporus","","Thelebolus polysporus","219.69","sexual","ascospores",NA,5,7,NA,NA,3,3.5,NA,"um",15.3152641862502,NA,NA,"cm",NA,"",NA,NA,NA,"","Ascomycota"
"Thelebolus","polysporus","","Thelebolus polysporus","219.69","asexual","conidia",NA,NA,NA,NA,NA,NA,NA,NA,"",NA,NA,NA,"cm",NA,"",NA,NA,NA,"","Ascomycota"
"Thelebolus","stercoreus","","Thelebolus stercoreus","","sexual","ascospores",NA,6.5,7,8,NA,2.5,3,4.5,"um",14.5789534080651,2.7,2.7,"cm",5.7255526111674,"",10,20,"OA","","Ascomycota"
"Thelebolus","stercoreus","","Thelebolus stercoreus","","asexual","conidia",NA,NA,NA,NA,NA,NA,NA,NA,"",NA,2.7,2.7,"cm",5.7255526111674,"",10,20,"OA","","Ascomycota"
"Thermoascus","aurantiacus","","Thermoascus aurantiacus","","sexual","ascospores",NA,5,7,NA,NA,3.5,5,NA,"um",20.0276531666349,NA,NA,"cm",NA,NA,NA,NA,NA,"","Ascomycota"
"Thermoascus","aurantiacus","","Thermoascus aurantiacus","","asexual","conidia",NA,NA,NA,NA,NA,NA,NA,NA,"",NA,NA,NA,"cm",NA,NA,NA,NA,NA,"","Ascomycota"
"Thermomyces","lanuginosus","","Thermomyces lanuginosus","","asexual","conidia",NA,NA,NA,NA,NA,NA,NA,NA,"",NA,2.5,5,"cm",9.8174770424681,"",2,47.5,"various","","Ascomycota"
"Thielavia","heterothallica","","Thielavia heterothallica","357.69","asexual","conidia",NA,5,7,NA,NA,3,4,NA,"um",16.4933614313464,5,9,"cm",35.3429173528852,"",3,45,"MEA","","Ascomycota"
"Thielavia","terricola","","Thielavia terricola","358.53","sexual","ascospores",NA,12,16,NA,NA,7,9,NA,"um",87.9645943005142,7,8,"cm",43.9822971502571,"",14,28,"MEA/OA","","Ascomycota"
"Thielavia","terricola","","Thielavia terricola","358.53","asexual","conidia",NA,NA,NA,NA,NA,NA,NA,NA,"",NA,7,8,"cm",43.9822971502571,"",14,28,"MEA/OA","","Ascomycota"
"Thielaviopsis","basicola","","Thielaviopsis basicola","430.74","asexual","conidia",NA,7.5,19,NA,NA,3,5,NA,"um",41.6261026600648,5.5,5.5,"cm",23.7582944427728,"",10,20,"OA","","Ascomycota"
"Torula","herbarum","herbarum","Torula herbarum herbarum","220.59","asexual","conidia",NA,20,70,NA,NA,5,9,NA,"um",247.400421470196,2.7,2.7,"cm",5.7255526111674,"",10,20,"MEA","","Ascomycota"
"Torulomyces","lagena","","Torulomyces lagena","185.65","asexual","conidia",NA,2,3,NA,NA,NA,NA,NA,"um",NA,1,1,"cm",0.785398163397448,"",10,20,"MEA","","Ascomycota"
"Tricellula","aquatica","","Tricellula aquatica","","asexual","conidia",NA,4.5,6,8,NA,2.2,2.5,3.5,"um",9.68984984091602,NA,NA,"cm",NA,"",NA,NA,NA,"","Ascomycota"
"Trichocladium","asperum","","Trichocladium asperum","","asexual","conidia",12,16,25,28,NA,10,15,NA,"um",201.258279370596,5.5,6,"cm",25.9181393921158,"",10,20,"MEA","","Ascomycota"
"Trichocladium","opacum","","Trichocladium opacum","355.65","asexual","conidia",NA,20,40,NA,NA,10,16,NA,"um",306.305283725005,2.5,3.5,"cm",6.87223392972767,"",10,20,"MEA","","Ascomycota"
"Trichoderma","hamatum","","Trichoderma hamatum","244.63","asexual","conidia",NA,3,4.5,NA,NA,2.1,2.8,NA,"um",7.21584562621406,7,7,"cm",38.484510006475,"",5,20,"OA","","Ascomycota"
"Trichoderma","harzianum","","Trichoderma harzianum","819.68","asexual","conidia",NA,2.8,3.2,NA,NA,2.5,2.8,NA,"um",6.24391539900971,9,9,"cm",63.6172512351933,"",5,20,"OA","","Ascomycota"
"Trichoderma","koningii","","Trichoderma koningii","817.68","asexual","conidia",NA,3,4.8,NA,NA,1.9,2.8,NA,"um",7.19817416753761,3,5,"cm",11.7809724509617,"",5,20,"OA","","Ascomycota"
"Trichoderma","polysporum","","Trichoderma polysporum","147.69","asexual","conidia",NA,2.4,3.8,NA,NA,1.8,2.2,NA,"um",4.86946861306418,7,7,"cm",38.484510006475,"",10,20,"OA","","Ascomycota"
"Trichoderma","virens","","Trichoderma virens","512.66","asexual","conidia",NA,4.5,6,NA,NA,3.5,4,NA,"um",15.4625263418873,5.8,5.8,"cm",26.4207942166902,"",5,20,"OA","","Ascomycota"
"Trichoderma","viride","","Trichoderma viride","189.79","asexual","conidia",NA,3.6,4.5,NA,NA,NA,NA,NA,"um",NA,4.5,7.5,"cm",26.5071880146639,"",5,20,"OA","","Ascomycota"
"Trichosporiella","cerebriformis","","Trichosporiella cerebriformis","244.68","asexual","conidia",NA,3.5,6,NA,NA,NA,NA,NA,"um",NA,2,2,"cm",3.14159265358979,"",10,20,"MEA","","Ascomycota"
"Trichosporon","laibachii","","Trichosporon laibachii","","asexual","blastoconidia",NA,3,4.5,NA,NA,3,4.5,NA,"um",11.0446616727766,2,2,"cm",3.14159265358979,"",10,20,"MEA","","Ascomycota"
"Trichosporon","laibachii","","Trichosporon laibachii","","asexual","arthroconidia",NA,5,20,NA,NA,3,4,NA,"um",34.3611696486384,2,2,"cm",3.14159265358979,"",10,20,"MEA","","Ascomycota"
"Trichothecium","roseum","","Trichothecium roseum","250.57","asexual","conidia",NA,12,23,35,NA,8,10,13,"um",123.700210735098,9,9,"cm",63.6172512351933,"",10,20,"MEA","","Ascomycota"
"Trichurus","spiralis","","Trichurus spiralis","877.68","asexual","conidia",NA,4,6,NA,NA,3.5,4.2,NA,"um",15.1189146454009,1,1,"cm",0.785398163397448,"",5,20,"OA","","Ascomycota"
"Typhula","ishikariensis","canadensis","Typhula ishikariensis canadensis","","sexual","basidiospores",NA,0.3,0.8,NA,NA,0.3,0.8,NA,"um",0.237582944427728,NA,NA,"cm",NA,NA,NA,NA,NA,"","Basidiomycota"
"Typhula","ishikariensis","canadensis","Typhula ishikariensis canadensis","","asexual","conidia",NA,NA,NA,NA,NA,NA,NA,NA,"",NA,NA,NA,"cm",NA,NA,NA,NA,NA,"","Ascomycota"
"Typhula","ishikariensis","idahoensis","Typhula ishikariensis idahoensis","","sexual","basidiospores",NA,7,9,NA,NA,3,5,NA,"um",25.1327412287183,NA,NA,"cm",NA,NA,NA,NA,NA,"","Basidiomycota"
"Typhula","ishikariensis","idahoensis","Typhula ishikariensis idahoensis","","asexual","conidia",NA,NA,NA,NA,NA,NA,NA,NA,"",NA,NA,NA,"cm",NA,NA,NA,NA,NA,"","Ascomycota"
"Typhula","ishikariensis","ishikariensis","Typhula ishikariensis ishikariensis","","sexual","basidiospores",NA,6,8,NA,NA,3,4,NA,"um",19.2422550032375,NA,NA,"cm",NA,NA,NA,NA,NA,"","Basidiomycota"
"Typhula","ishikariensis","ishikariensis","Typhula ishikariensis ishikariensis","","asexual","conidia",NA,NA,NA,NA,NA,NA,NA,NA,"",NA,NA,NA,"cm",NA,NA,NA,NA,NA,"","Ascomycota"
"Ulocladium","consortiale","","Ulocladium consortiale","","asexual","conidia",NA,16,34,NA,NA,10,15,NA,"um",245.436926061703,5,7,"cm",27.4889357189107,"",6,26.5,"MEA","","Ascomycota"
"Umbelopsis","angularis","","Umbelopsis angularis","603.68","asexual","conidia",NA,NA,NA,NA,NA,NA,NA,NA,"",NA,1.6,1.6,"cm",2.01061929829747,"",5,20,"MEA","","Ascomycota"
"Umbelopsis","isabellina","","Umbelopsis isabellina","","asexual","conidia",NA,NA,NA,NA,NA,NA,NA,NA,"",NA,1.7,1.7,"cm",2.26980069221863,"",5,20,"MEA","","Ascomycota"
"Umbelopsis","nana","","Umbelopsis nana","444.68","asexual","conidia",NA,NA,NA,NA,NA,NA,NA,NA,"",NA,0.7,1.4,"cm",0.769690200129499,"",5,20,"MEA","","Ascomycota"
"Umbelopsis","ramanniana","","Umbelopsis ramanniana","219.47","asexual","conidia",NA,2.5,5.5,NA,NA,1.5,3,NA,"um",7.06858347057703,2.4,2.7,"cm",5.08938009881547,"",5,20,"MEA","","Ascomycota"
"Umbelopsis","vinacea","","Umbelopsis vinacea","561.63","asexual","conidia",NA,3,5,8,NA,3,5,NA,"um",12.5663706143592,1.5,1.7,"cm",2.00276531666349,"",5,20,"MEA","","Ascomycota"
"Varicosporium","elodae","","Varicosporium elodae","952.72","asexual","conidia",NA,60,120,NA,NA,3,3,NA,"um",212.057504117311,2.5,2.5,"cm",4.90873852123405,"",10,20,"OA","","Ascomycota"
"Verticillium","albo-atrum","","Verticillium albo-atrum","454.51","asexual","conidia",NA,3.5,10.5,12.5,NA,2,5,NA,"um",19.2422550032375,2.5,2.5,"cm",4.90873852123405,"",10,20,"PDA/MEA","","Ascomycota"
"Verticillium","dahliae","","Verticillium dahliae","205.26","asexual","conidia",NA,2.5,6,8,NA,1.4,3.2,NA,"um",7.67726704721006,1.8,2.7,"cm",3.8170350741116,"",10,20,"PDA/MEA","","Ascomycota"
"Verticillium","nubilum","","Verticillium nubilum","","asexual","conidia",NA,4,10,12.5,NA,2.5,3.5,NA,"um",16.4933614313464,6,6,"cm",28.2743338823081,"",14,20,"PDA","","Ascomycota"
"Volutella","ciliata","","Volutella ciliata","426.54","asexual","conidia",NA,4,6,9,NA,1.5,2,2.5,"um",6.87223392972767,3,3,"cm",7.06858347057703,"",10,20,"OA","","Ascomycota"
"Wallemia","sebi","","Wallemia sebi","","asexual","conidia",NA,2.5,3.5,NA,NA,2.5,3.5,NA,"um",7.06858347057703,0.5,0.5,"cm",0.196349540849362,"",10,24,NA,"","Ascomycota"
"Wardomyces","columbinus","","Wardomyces columbinus","","asexual","conidia",NA,6,7.5,NA,NA,2.5,4,NA,"um",17.2296722095315,3,5,"cm",11.7809724509617,"",30,20,"MEA","","Ascomycota"
"Wardomyces","simplex","","Wardomyces simplex","235.66","asexual","conidia",NA,6.5,8.5,NA,NA,3,5.5,NA,"um",25.0345664582937,2.5,2.5,"cm",4.90873852123405,"",14,20,"MEA","","Ascomycota"
"Zygorhynchus","heterogamus","","Zygorhynchus heterogamus","","asexual","chlamydospore",NA,6.5,21,NA,NA,6.5,21,NA,"um",148.48934026733,9,9,"cm",63.6172512351933,"",10,22.5,"MEA","",NA
"Zygorhynchus","heterogamus","","Zygorhynchus heterogamus","","sexual","zygospores",NA,30,70,NA,NA,30,70,NA,"um",1963.49540849362,9,9,"cm",63.6172512351933,"",10,22.5,"MEA","","Zygomycota"
"Zygorhynchus","heterogamus","","Zygorhynchus heterogamus","","asexual","sporangiospore",NA,4,6.5,NA,NA,2,4,NA,"um",12.3700210735098,9,9,"cm",63.6172512351933,"",10,22.5,"MEA","",NA
"Zygorhynchus","moelleri","","Zygorhynchus moelleri","501.66","asexual","chlamydospore",NA,13,13,NA,NA,13,13,NA,"um",132.732289614169,9,9,"cm",63.6172512351933,"",11,22.5,"MEA","",NA
"Zygorhynchus","moelleri","","Zygorhynchus moelleri","501.66","sexual","zygospores",NA,30,35,NA,NA,30,35,NA,"um",829.576810088555,9,9,"cm",63.6172512351933,"",11,22.5,"MEA","","Zygomycota"
"Zygorhynchus","moelleri","","Zygorhynchus moelleri","501.66","asexual","sporangiospore",NA,3,6.5,NA,NA,2,3.3,NA,"um",9.88619938176538,9,9,"cm",63.6172512351933,"",11,22.5,"MEA","",NA
