"good.names","Synonyms","Family","Order","dim1.min2","dim1.min","dim1.max","dim1.max2","dim2.min2","dim2.min","dim2.max","dim2.max2","shape","EquatorialAxis","PolarAxis","EquatorialAxis_2","PolarAxis_2","SporeVolume","SporeVolume_2","Dimension_units","Volume_units","Phylum","SporeArea","spore_type"
"Acaulospora_alpina",NA,"Acaulosporaceae","Diversisporales",53,65,85,97,53,65,85,97,"globose to subglobose",75,75,75,75,220893.233455532,220893.233455532,"Micrometers","Cubic micrometers","Glomeromycota",4417.86466911065,"Azygospores"
"Acaulospora_baetica",NA,"Acaulosporaceae","Diversisporales",69,69,96,96,65,65,92,92,"globose to subglobose",78.5,82.5,78.5,82.5,266190.090781776,266190.090781776,"Micrometers","Cubic micrometers","Glomeromycota",5086.43485570272,"Azygospores"
"Acaulospora_bireticulata",NA,"","",150,150,155,155,150,150,155,155,"globose",152.5,152.5,152.5,152.5,1856983.96381371,1856983.96381371,"Micrometers","Cubic micrometers","Glomeromycota",18265.4160375119,"Azygospores"
"Acaulospora_brasiliensis","Ambispora_brasiliensis","Acaulosporaceae","Diversisporales",62,62,95,95,62,62,95,95,"globose to subglobose to ovoid",78.5,78.5,78.5,78.5,253283.904562053,253283.904562053,"Micrometers","Cubic micrometers","Glomeromycota",4839.81983239593,"Azygospores"
"Acaulospora_capsicula",NA,"","",170,298,298,330,170,298,298,330,"globose to subglobose to irregular",298,298,250,250,13856304.3691329,8181230.86872342,"Micrometers","Cubic micrometers","Glomeromycota",69746.498502347,"Azygospores"
"Acaulospora_cavernata",NA,"Acaulosporaceae","Diversisporales",11,140,140,170,11,140,140,170,"globose to subglobose",140,140,90.5,90.5,1436755.04024173,388100.640901879,"Micrometers","Cubic micrometers","Glomeromycota",15393.80400259,"Azygospores"
"Acaulospora_colliculosa",NA,"Acaulosporaceae","Diversisporales",75,84.25,84.72,99.6,75,84.25,84.72,99.6,"globose to subglobose",84.485,84.485,87.3,87.3,315745.701991768,348370.485219465,"Micrometers","Cubic micrometers","Glomeromycota",5605.948428569,"Azygospores"
"Acaulospora_colombiana","Entrophospora_colombiana Kuklospora_colombiana","Acaulosporaceae","Diversisporales",75,100,115,135,75,100,115,135,"globose",107.5,107.5,105,105,650465.122679593,606131.032601981,"Micrometers","Cubic micrometers","Glomeromycota",9076.25752576176,"Azygospores"
"Acaulospora_colombiana","Entrophospora_colombiana Kuklospora_colombiana","Acaulosporaceae","Diversisporales",75,100,115,135,75,100,115,135,"globose",107.5,107.5,105,105,650465.122679593,606131.032601981,"Micrometers","Cubic micrometers","Glomeromycota",9076.25752576176,"Azygospores"
"Acaulospora_colossica",NA,"","",180,279,279,380,180,279,279,380,"globose to subglobose",279,279,280,280,11371329.1892859,11494040.3219339,"Micrometers","Cubic micrometers","Glomeromycota",61136.1784370208,"Azygospores"
"Acaulospora_delicata",NA,"Acaulosporaceae","Diversisporales",80,80,125,150,80,80,110,140,"globose to subglobose",95,102.5,110,115,484361.592351901,728587.696245033,"Micrometers","Cubic micrometers","Glomeromycota",7647.81461608265,"Azygospores"
"Acaulospora_denticulata",NA,"","",120,149.3,149.3,180,120,149.3,149.3,180,"globose to subglobose",149.3,149.3,150,150,1742521.09943288,1767145.86764426,"Micrometers","Cubic micrometers","Glomeromycota",17506.9099072292,"Azygospores"
"Acaulospora_dilatata",NA,"Acaulosporaceae","Diversisporales",78,106,106,130,78,106,106,130,"globose to subglobose",106,106,104,104,623614.519317984,588977.413114605,"Micrometers","Cubic micrometers","Glomeromycota",8824.73376393373,"Azygospores"
"Acaulospora_elegans",NA,"","",140,140,285,285,140,140,285,285,"globose to subglobose",212.5,212.5,212.5,212.5,5024298.40725477,5024298.40725477,"Micrometers","Cubic micrometers","Glomeromycota",35465.635815916,"Azygospores"
"Acaulospora_entreriana",NA,"Acaulosporaceae","Diversisporales",280,280,300,300,280,280,300,300,"globose to subglobose",290,290,290,290,12770050.5380669,12770050.5380669,"Micrometers","Cubic micrometers","Glomeromycota",66051.9855417254,"Azygospores"
"Acaulospora_excavata",NA,"","",115,115,200,200,100,100,165,165,"globose to subglobose",132.5,157.5,132.5,157.5,1447807.88314538,1447807.88314538,"Micrometers","Cubic micrometers","Glomeromycota",16390.2779224005,"Azygospores"
"Acaulospora_foveata",NA,"Acaulosporaceae","Diversisporales",185,185,310,410,215,215,350,480,"globose to ellipsoid",247.5,282.5,297.5,347.5,9060819.54311248,16103763.0361469,"Micrometers","Cubic micrometers","Glomeromycota",54914.0578370453,"Azygospores"
"Acaulospora_gedanensis",NA,"","",55,65,65,75,55,65,65,75,"globose to subglobose",65,65,65,65,143793.313748683,143793.313748683,"Micrometers","Cubic micrometers","Glomeromycota",3318.30724035422,"Azygospores"
"Acaulospora_ignota",NA,"Acaulosporaceae","Diversisporales",65,72,72,80,65,72,72,80,"globose to subglobose",72,72,72.5,72.5,195432.195794514,199532.039657295,"Micrometers","Cubic micrometers","Glomeromycota",4071.50407905237,"Azygospores"
"Acaulospora_kentinensis","Entrophospora_kentinensis Kuklospora_kentinensis","Acaulosporaceae","Diversisporales",85,85,140,140,95,95,210,210,"globose to subglobose to ellipsoid",112.5,152.5,112.5,152.5,1010586.54305906,1010586.54305906,"Micrometers","Cubic micrometers","Glomeromycota",13474.4872407875,"Azygospores"
"Acaulospora_koskei",NA,"Acaulosporaceae","Diversisporales",80,183,183,340,80,183,183,340,"globose to subglobose",183,183,210,210,3208868.28947009,4849048.26081585,"Micrometers","Cubic micrometers","Glomeromycota",26302.1990940171,"Azygospores"
"Acaulospora_lacunosa",NA,"Acaulosporaceae","Diversisporales",98,131,131,186,98,131,131,186,"globose to subglobose",131,131,142,142,1177097.69503356,1499214.0909853,"Micrometers","Cubic micrometers","Glomeromycota",13478.2178820636,"Azygospores"
"Acaulospora_laevis",NA,"Acaulosporaceae","Diversisporales",119,119,300,300,119,119,520,520,"globose to subglobose",209.5,319.5,209.5,319.5,7342391.53084468,7342391.53084468,"Micrometers","Cubic micrometers","Glomeromycota",52570.822416549,"Azygospores"
"Acaulospora_longula",NA,"Acaulosporaceae","Diversisporales",55,75,90,100,55,75,90,100,"globose to subglobose",82.5,82.5,77.5,77.5,294008.893729314,243727.048810139,"Micrometers","Cubic micrometers","Glomeromycota",5345.61624962388,"Azygospores"
"Acaulospora_mellea",NA,"Acaulosporaceae","Diversisporales",72,95,105,126,72,95,105,126,"globose to subglobose",100,100,99,99,523598.775598299,508047.368364254,"Micrometers","Cubic micrometers","Glomeromycota",7853.98163397448,"Azygospores"
"Acaulospora_minuta",NA,"Acaulosporaceae","Diversisporales",150,175,230,230,150,175,230,230,"globose to subglobose",202.5,202.5,190,190,4347841.51410524,3591364.00182873,"Micrometers","Cubic micrometers","Glomeromycota",32206.2334378166,"Azygospores"
"Acaulospora_morrowiae",NA,"Acaulosporaceae","Diversisporales",63,79,92,120,63,79,92,120,"globose to subglobose",85.5,85.5,91.5,91.5,327263.044666643,401108.536183761,"Micrometers","Cubic micrometers","Glomeromycota",5741.4569239762,"Azygospores"
"Acaulospora_myriocarpa",NA,"","",22,32,90,90,22,32,90,90,"globose to subglobose",61,61,56,56,118846.973684077,91952.3225754708,"Micrometers","Cubic micrometers","Glomeromycota",2922.4665660019,"Azygospores"
"Acaulospora_nicolsonii",NA,"","",99,99,198,198,99,99,198,198,"globose to subglobose",148.5,148.5,148.5,148.5,1714659.86822936,1714659.86822936,"Micrometers","Cubic micrometers","Glomeromycota",17319.7966487814,"Azygospores"
"Acaulospora_nivalis",NA,"Acaulosporaceae","Diversisporales",75,80,88,97,75,80,88,97,"globose to subglobose",84,84,86,86,310339.088692214,333038.142811952,"Micrometers","Cubic micrometers","Glomeromycota",5541.76944093239,"Azygospores"
"Acaulospora_paulinae",NA,"Acaulosporaceae","Diversisporales",60,72,72,95,60,72,72,95,"globose to subglobose",72,72,77.5,77.5,195432.195794514,243727.048810139,"Micrometers","Cubic micrometers","Glomeromycota",4071.50407905237,"Azygospores"
"Acaulospora_polonica",NA,"","",80,94,94,115,80,94,94,115,"globose to subglobose",94,94,97.5,97.5,434892.765431537,485302.433901804,"Micrometers","Cubic micrometers","Glomeromycota",6939.77817177985,"Azygospores"
"Acaulospora_punctata",NA,"Acaulosporaceae","Diversisporales",105,105,129,129,105,105,129,129,"globose to subglobose",117,117,117,117,838602.605782318,838602.605782318,"Micrometers","Cubic micrometers","Glomeromycota",10751.3154587477,"Azygospores"
"Acaulospora_punctata",NA,"","",105,105,129,129,105,105,129,129,"globose to subglobose",117,117,117,117,838602.605782318,838602.605782318,"Micrometers","Cubic micrometers","Glomeromycota",10751.3154587477,"Azygospores"
"Acaulospora_pustulata",NA,"Acaulosporaceae","Diversisporales",45,45,65,72,44,44,62,68,"globose to subglobose",53,55,56,58.5,80893.3928360592,96057.3369761615,"Micrometers","Cubic micrometers","Glomeromycota",2289.43564630356,"Azygospores"
"Acaulospora_rehmii",NA,"","",100,141,141,160,100,141,141,160,"globose to subglobose",141,141,130,130,1467763.08333144,1150346.50998946,"Micrometers","Cubic micrometers","Glomeromycota",15614.5008865047,"Azygospores"
"Acaulospora_rugosa",NA,"","",49,92,92,118,49,92,92,118,"globose to subglobose",92,92,83.5,83.5,407720.083373088,304830.240524297,"Micrometers","Cubic micrometers","Glomeromycota",6647.610054996,"Azygospores"
"Acaulospora_scrobiculata",NA,"Acaulosporaceae","Diversisporales",100,100,240,240,100,100,220,220,"globose to broadly ellipsoid",160,170,160,170,2278701.8714038,2278701.8714038,"Micrometers","Cubic micrometers","Glomeromycota",21362.8300444106,"Azygospores"
"Acaulospora_sieverdingii",NA,"Acaulosporaceae","Diversisporales",60,60,80,80,60,60,80,80,"globose",70,70,70,70,179594.380030217,179594.380030217,"Micrometers","Cubic micrometers","Glomeromycota",3848.4510006475,"Azygospores"
"Acaulospora_spinosa",NA,"Acaulosporaceae","Diversisporales",100,100,298,298,100,100,335,335,"globose to subglobose",199,217.5,199,217.5,4509870.13696184,4509870.13696184,"Micrometers","Cubic micrometers","Glomeromycota",33993.9960072501,"Azygospores"
"Acaulospora_spinosissima",NA,"Acaulosporaceae","Diversisporales",120,120,187,187,116,116,180,180,"globose to subglobose",148,153.5,148,153.5,1760477.31363824,1760477.31363824,"Micrometers","Cubic micrometers","Glomeromycota",17842.6754760632,"Azygospores"
"Acaulospora_splendida",NA,"","",190,190,250,250,190,190,250,250,"globose to subglobose",220,220,220,220,5575279.76257069,5575279.76257069,"Micrometers","Cubic micrometers","Glomeromycota",38013.2711084365,"Azygospores"
"Acaulospora_sporocarpia",NA,"","",140,160,200,240,125,150,175,200,"globose to subglobose",162.5,180,162.5,190,2488730.43026566,2626993.23194709,"Micrometers","Cubic micrometers","Glomeromycota",22972.8962793754,"Azygospores"
"Acaulospora_taiwania",NA,"","",NA,NA,NA,NA,NA,NA,NA,NA,NA,NA,NA,NA,NA,NA,NA,"Micrometers","Cubic micrometers","Glomeromycota",NA,"Azygospores"
"Acaulospora_thomii",NA,"","",150,185,185,240,150,185,185,240,"globose to subglobose",185,185,195,195,3315231.09754758,3882419.47121444,"Micrometers","Cubic micrometers","Glomeromycota",26880.2521422777,"Azygospores"
"Acaulospora_tortuosa",NA,"Acaulosporaceae","Diversisporales",61,61,84,94,61,61,80,91,"globose to subglobose",70.5,72.5,76,77.5,188675.219045265,234383.755908822,"Micrometers","Cubic micrometers","Glomeromycota",4014.36636266521,"Azygospores"
"Acaulospora_tuberculata",NA,"Acaulosporaceae","Diversisporales",255,255,327,327,255,255,340,340,"globose to subglobose",291,297.5,291,297.5,13190813.2051408,13190813.2051408,"Micrometers","Cubic micrometers","Glomeromycota",67993.8825007256,"Azygospores"
"Acaulospora_undulata",NA,"","",55,55,85,85,55,55,85,85,"globose to subglobose",70,70,70,70,179594.380030217,179594.380030217,"Micrometers","Cubic micrometers","Glomeromycota",3848.4510006475,"Azygospores"
"Acaulospora_viridis",NA,"Acaulosporaceae","Diversisporales",140,140,205,205,140,140,193,193,"globose to subglobose",166.5,172.5,166.5,172.5,2503895.48705316,2503895.48705316,"Micrometers","Cubic micrometers","Glomeromycota",22557.617000479,"Azygospores"
"Acaulospora_walkeri",NA,"","",140,140,200,200,140,140,200,200,"globose to subglobose",170,170,170,170,2572440.78451444,2572440.78451444,"Micrometers","Cubic micrometers","Glomeromycota",22698.0069221863,"Azygospores"
"Ambispora_appendicula","Acaulospora_appendicula Appendicispora_appendicula  Paracaulospora_appendicula","Ambisporaceae","Archaeosporales",120,120,240,280,120,120,240,280,"globose",180,180,200,200,3053628.05928928,4188790.20478639,"Micrometers","Cubic micrometers","Glomeromycota",25446.9004940773,"Azygospores"
"Ambispora_appendicula","Acaulospora_appendicula Appendicispora_appendicula  Paracaulospora_appendicula","Ambisporaceae","Archaeosporales",170,250,250,390,170,250,250,390,"globose",250,250,280,280,8181230.86872342,11494040.3219339,"Micrometers","Cubic micrometers","Glomeromycota",49087.3852123405,"Azygospores"
"Ambispora_callosa","Glomus_callosum Appendicispora_callosa","Ambisporaceae","Archaeosporales",84,84,319,319,84,84,300,300,"globose to subglobose to ellipsoid",192,201.5,192,201.5,3889341.97062662,3889341.97062662,"Micrometers","Cubic micrometers","Glomeromycota",30385.4841455205,"Azygospores"
"Ambispora_fecundispora","Glomus_fecundisporum Appendicispora_fecundispora","Ambisporaceae","Archaeosporales",60,107,107,155,60,107,107,155,"globose",107,107,107.5,107.5,641431.014855267,650465.122679593,"Micrometers","Cubic micrometers","Glomeromycota",8992.02357273739,"Azygospores"
"Ambispora_fennica","Appendicispora_fennica","Ambisporaceae","Archaeosporales",38,38,130,130,38,38,117,117,"globose to subglobose",77.5,84,77.5,84,264168.672258732,264168.672258732,"Micrometers","Cubic micrometers","Glomeromycota",5112.94204371739,"Azygospores"
"Ambispora_fennica","Appendicispora_fennica","Ambisporaceae","Archaeosporales",124,124,201,201,134,134,201,201,"globose to subglobose",162.5,167.5,162.5,167.5,2315901.92816388,2315901.92816388,"Micrometers","Cubic micrometers","Glomeromycota",21377.5562599743,"Azygospores"
"Ambispora_gerdemannii","Glomus_gerdemannii Appendicispora_gerdemannii Archaeospora_gerdemannii","Ambisporaceae","Archaeosporales",40,80,80,120,40,80,80,120,"globose to subglobose",80,80,80,80,268082.573106329,268082.573106329,"Micrometers","Cubic micrometers","Glomeromycota",5026.54824574367,"Azygospores"
"Ambispora_gerdemannii","Glomus_gerdemannii Appendicispora_gerdemannii Archaeospora_gerdemannii","Ambisporaceae","Archaeosporales",160,212,212,260,160,212,212,260,"globose to subglobose",212,212,210,210,4988916.15454387,4849048.26081585,"Micrometers","Cubic micrometers","Glomeromycota",35298.9350557349,"Azygospores"
"Ambispora_granatensis",NA,"Ambisporaceae","Archaeosporales",25,40,70,70,25,40,70,70,"globose to subglobose",55,55,47.5,47.5,87113.746290167,56115.0625285739,"Micrometers","Cubic micrometers","Glomeromycota",2375.82944427728,"Azygospores"
"Ambispora_granatensis",NA,"Ambisporaceae","Archaeosporales",92,92,145,145,92,92,145,145,"globose to subglobose",118.5,118.5,118.5,118.5,871271.831437458,871271.831437458,"Micrometers","Cubic micrometers","Glomeromycota",11028.7573599678,"Azygospores"
"Ambispora_jimgerdemannii","Acaulospora_gerdemannii Appendicispora_jimgerdemannii","Ambisporaceae","Archaeosporales",200,200,250,250,200,200,250,250,"globose to subglobose",225,225,225,225,5964117.30329937,5964117.30329937,"Micrometers","Cubic micrometers","Glomeromycota",39760.7820219958,"Azygospores"
"Ambispora_leptoticha","Glomus_leptotichum Appendicispora_leptoticha Archaeospora_leptoticha Pseudoglomus_leptotichum","Ambisporaceae","Archaeosporales",60,60,250,250,60,60,250,250,"globose to subglobose",155,155,155,155,1949816.39048112,1949816.39048112,"Micrometers","Cubic micrometers","Glomeromycota",18869.1908756237,"Azygospores"
"Ambispora_leptoticha","Glomus_leptotichum Appendicispora_leptoticha Archaeospora_leptoticha Pseudoglomus_leptotichum","Ambisporaceae","Archaeosporales",160,181,181,200,160,181,181,200,"globose to subglobose",181,181,180,180,3104805.12721503,3053628.05928928,"Micrometers","Cubic micrometers","Glomeromycota",25730.4292310638,"Azygospores"
"Ambispora_reticulata",NA,"Ambisporaceae","Archaeosporales",87,87,131,131,125,125,150,150,"globose to oval",109,137.5,109,137.5,855370.594771466,855370.594771466,"Micrometers","Cubic micrometers","Glomeromycota",11771.1549739193,"Azygospores"
"Archaeospora_schenckii","Entrophospora_schenckii Intraspora_schenckii","Archaeosporaceae","Archaeosporales",37,50,60,77,37,50,60,77,"globose to subglobose",55,55,57,57,87113.746290167,96966.8280493757,"Micrometers","Cubic micrometers","Glomeromycota",2375.82944427728,"Azygospores"
"Archaeospora_trappei","Acaulospora_trappei","Archaeosporaceae","Archaeosporales",40,58,58,80,40,58,58,80,"globose to subglobose",58,58,60,60,102160.404304535,113097.335529233,"Micrometers","Cubic micrometers","Glomeromycota",2642.07942166902,"Azygospores"
"Bulbospora_minima",NA,"","",62,62,95,95,58,58,87,87,"ovoid to subglobose",72.5,78.5,72.5,78.5,216045.036042727,216045.036042727,"Micrometers","Cubic micrometers","Glomeromycota",4469.89729743573,"Azygospores"
"Cetraspora_auronigra",NA,"","",235,235,348,348,237,237,365,365,NA,291.5,301,291.5,301,13391901.1840096,13391901.1840096,"Micrometers","Cubic micrometers","Glomeromycota",68912.0129537372,"Azygospores"
"Cetraspora_helvetica",NA,"","",210,210,270,270,210,210,270,270,"globose to subglobose",240,240,240,240,7238229.47387088,7238229.47387088,"Micrometers","Cubic micrometers","Glomeromycota",45238.934211693,"Azygospores"
"Claroideoglomus_candidum","Glomus_candidum","Claroideoglomeraceae","Glomerales",87,125,125,157,87,125,125,157,"globose to subglobose",125,125,122,122,1022653.85859043,950775.78947262,"Micrometers","Cubic micrometers","Glomeromycota",12271.8463030851,"Azygospores"
"Claroideoglomus_claroideum","Glomus_claroideum Glomus_maculosum Glomus_fistulosum","Claroideoglomeraceae","Glomerales",59,70,199,199,51,70,226,243,"globose to subglobose",134.5,148,129,147,1401860.84703953,1280841.4620355,"Micrometers","Cubic micrometers","Glomeromycota",15634.1358405896,"Azygospores"
"Claroideoglomus_drummondii","Glomus_drummondii Albahypha_drummondii","Claroideoglomeraceae","Glomerales",58,71,71,85,58,71,71,85,"globose to subglobose",71,71,71.5,71.5,187401.761373163,191388.900599497,"Micrometers","Cubic micrometers","Glomeromycota",3959.19214168654,"Azygospores"
"Claroideoglomus_etunicatum","Glomus_etunicatum","Claroideoglomeraceae","Glomerales",68,68,144,162,68,68,144,162,"globose to subglobose",106,106,115,115,623614.519317984,796328.287838063,"Micrometers","Cubic micrometers","Glomeromycota",8824.73376393373,"Azygospores"
"Claroideoglomus_hanlinii",NA,"Claroideoglomeraceae","Glomerales",45,71,71,90,45,71,71,90,NA,71,71,67.5,67.5,187401.761373163,161031.167189083,"Micrometers","Cubic micrometers","Glomeromycota",3959.19214168654,"Azygospores"
"Claroideoglomus_lamellosum","Glomus_lamellosum","Claroideoglomeraceae","Glomerales",98,106,142,142,122,122,162,162,"globose to irregular",124,142,120,142,1143221.37785112,1070654.7763434,"Micrometers","Cubic micrometers","Glomeromycota",13829.2908611023,"Azygospores"
"Claroideoglomus_luteum","Glomus_luteum","Claroideoglomeraceae","Glomerales",60,60,180,180,60,60,180,180,"globose to subglobose",120,120,120,120,904778.68423386,904778.68423386,"Micrometers","Cubic micrometers","Glomeromycota",11309.7335529233,"Azygospores"
"Claroideoglomus_walkeri","Glomus_walkeri","Claroideoglomeraceae","Glomerales",55,81,81,95,55,81,81,95,"globose to subglobose",81,81,75,75,278261.856902736,220893.233455532,"Micrometers","Cubic micrometers","Glomeromycota",5152.99735005066,"Azygospores"
"Corymbiglomus_corymbiforme","Glomus_corymbiforme","Diversisporaceae","Diversisporales",50,142,142,220,50,142,142,220,"globose to subglobose",142,142,135,135,1499214.0909853,1288249.33751266,"Micrometers","Cubic micrometers","Glomeromycota",15836.7685667461,"Azygospores"
"Corymbiglomus_globiferum","Glomus_globiferum","Diversisporaceae","Diversisporales",150,150,260,260,150,150,270,270,"globose to subglobose",205,210,205,210,4620890.09434889,4620890.09434889,"Micrometers","Cubic micrometers","Glomeromycota",33811.3909342601,"Azygospores"
"Corymbiglomus_pacificum",NA,"Diversisporaceae","Diversisporales",85,95,130,135,75,85,125,131,NA,105,112.5,103,110,649426.106359265,611034.535135459,"Micrometers","Cubic micrometers","Glomeromycota",9277.51580513236,"Azygospores"
"Corymbiglomus_tortuosum","Glomus_tortuosum","Diversisporaceae","Diversisporales",94,94,180,180,112,112,130,130,"globose to subglobose",121,137,121,137,1050243.32527425,1050243.32527425,"Micrometers","Cubic micrometers","Glomeromycota",13019.5453546395,"Azygospores"
"Dentiscutata_colliculosa",NA,"","Diversisporales",330,330,570,570,330,330,570,570,NA,450,450,450,450,47712938.426395,47712938.426395,"Micrometers","Cubic micrometers","Glomeromycota",159043.128087983,"Azygospores"
"Dentiscutata_erythropus","Gigaspora_erythropus Scutellospora_erythropus Quatunica_erythropus","Gigasporaceae","Diversisporales",170,221,364,551,205,205,314,660,"variable",259.5,292.5,360.5,432.5,10313337.1911814,29430339.5133141,"Micrometers","Cubic micrometers","Glomeromycota",59614.6658449791,"Azygospores"
"Dentiscutata_heterogama","Endogone_heterogama Gigaspora_heterogama Scutellospora_heterogama Fuscutata_heterogama","Gigasporaceae","Diversisporales",120,159,159,200,120,159,159,200,"globose",159,159,160,160,2104699.00269819,2144660.58485063,"Micrometers","Cubic micrometers","Glomeromycota",19855.6509688509,"Azygospores"
"Dentiscutata_nigerita",NA,"","Diversisporales",300,300,650,650,275,275,700,700,NA,475,487.5,475,487.5,57591774.7003785,57591774.7003785,"Micrometers","Cubic micrometers","Glomeromycota",181868.762211722,"Azygospores"
"Diversispora_arenaria","Glomus_arenarium","Diversisporaceae","Diversisporales",55,97,97,120,55,97,97,120,"globose to subglobose",97,97,87.5,87.5,477874.465321626,350770.273496517,"Micrometers","Cubic micrometers","Glomeromycota",7389.81131940659,"Azygospores"
"Diversispora_aurantia","Glomus_aurantium","Diversisporaceae","Diversisporales",70,98,98,120,70,98,98,120,"globose to subglobose",98,98,95,95,492806.978802914,448920.500228591,"Micrometers","Cubic micrometers","Glomeromycota",7542.96396126909,"Azygospores"
"Diversispora_celata",NA,"Diversisporaceae","Diversisporales",53,53,160,160,48,48,192,192,"globose to subglobose to ellipsoid",106.5,120,106.5,120,712654.585503577,712654.585503577,"Micrometers","Cubic micrometers","Glomeromycota",10037.3885282194,"Azygospores"
"Diversispora_clara",NA,"Diversisporaceae","Diversisporales",80,80,110,110,80,80,110,110,"globose to subglobose",95,95,95,95,448920.500228591,448920.500228591,"Micrometers","Cubic micrometers","Glomeromycota",7088.21842466197,"Azygospores"
"Diversispora_eburnea","Glomus_eburneum","Diversisporaceae","Diversisporales",40,40,60,60,140,140,160,160,"irregular",50,150,50,150,196349.540849362,196349.540849362,"Micrometers","Cubic micrometers","Glomeromycota",5890.48622548086,"Azygospores"
"Diversispora_epigaea","Glomus_epigaeum","Diversisporaceae","Diversisporales",60,75,140,165,95,95,140,140,"globose to subglobose to ellipsoid",107.5,117.5,112.5,117.5,710973.506184671,778648.647930751,"Micrometers","Cubic micrometers","Glomeromycota",9920.56055141402,"Azygospores"
"Diversispora_gibbosa","Glomus_gibbosum","Diversisporaceae","Diversisporales",70,93,115,140,70,93,115,140,"globose to subglobose",104,104,105,105,588977.413114605,606131.032601981,"Micrometers","Cubic micrometers","Glomeromycota",8494.8665353068,"Azygospores"
"Diversispora_insculpta","Glomus_insculptum","Diversisporaceae","Diversisporales",50,71,71,85,50,71,71,85,"globose to subglobose",71,71,67.5,67.5,187401.761373163,161031.167189083,"Micrometers","Cubic micrometers","Glomeromycota",3959.19214168654,"Azygospores"
"Diversispora_jakucsiae",NA,"Diversisporaceae","Diversisporales",85,110,110,145,85,110,110,145,NA,110,110,115,115,696909.970321336,796328.287838063,"Micrometers","Cubic micrometers","Glomeromycota",9503.31777710913,"Azygospores"
"Diversispora_omaniana","","Diversisporaceae","Diversisporales",85,136,136,170,85,136,136,170,"globose to subglobose",136,136,127.5,127.5,1317089.68167139,1085248.45596703,"Micrometers","Cubic micrometers","Glomeromycota",14526.7244301992,"Azygospores"
"Diversispora_peridiata",NA,"Diversisporaceae","Diversisporales",35,74,74,100,35,74,74,100,NA,74,74,67.5,67.5,212174.790243045,161031.167189083,"Micrometers","Cubic micrometers","Glomeromycota",4300.84034276443,"Azygospores"
"Diversispora_przelewicensis","Glomus_przelewicense Glomus_przelewicensis","Diversisporaceae","Diversisporales",NA,NA,NA,NA,NA,NA,NA,NA,NA,NA,NA,NA,NA,NA,NA,"Micrometers","Cubic micrometers","Glomeromycota",NA,"Azygospores"
"Diversispora_slowinskiensis",NA,"Diversisporaceae","Diversisporales",75,138,138,190,75,138,138,190,NA,138,138,132.5,132.5,1376055.28138417,1217997.10804294,"Micrometers","Cubic micrometers","Glomeromycota",14957.122623741,"Azygospores"
"Diversispora_spurca","Glomus_spurcum","Diversisporaceae","Diversisporales",57,75,110,130,40,75,110,115,"globose to subglobose",92.5,92.5,77.5,93.5,414403.887193447,294044.891145136,"Micrometers","Cubic micrometers","Glomeromycota",6720.06303556942,"Azygospores"
"Diversispora_trimurales","Glomus_trimurales","Diversisporaceae","Diversisporales",60,121,121,130,70,118,118,200,"globose to subglobose to ellipsoid",118,121,95,135,882161.311523116,637939.658219577,"Micrometers","Cubic micrometers","Glomeromycota",11213.9149769888,"Azygospores"
"Diversispora_varaderana",NA,"Diversisporaceae","Diversisporales",60,75,75,90,60,75,75,90,NA,75,75,75,75,220893.233455532,220893.233455532,"Micrometers","Cubic micrometers","Glomeromycota",4417.86466911065,"Azygospores"
"Dominikia_achra","Glomus_achrum","Glomeraceae","Glomerales",22,43,43,55,22,43,43,55,"globose to subglobose",43,43,38.5,38.5,41629.7678514939,29880.0149775273,"Micrometers","Cubic micrometers","Glomeromycota",1452.20120412188,"Azygospores"
"Dominikia_aurea","Glomus_aureum","Glomeraceae","Glomerales",36,55,65,65,30,45,52,52,"globose to ovoid",48.5,60,41,50.5,73898.1131940659,44448.5618599274,"Micrometers","Cubic micrometers","Glomeromycota",2285.50865548657,"Azygospores"
"Dominikia_bernensis",NA,"Glomeraceae","Glomerales",19,25,43,52,19,25,42,46,NA,33.5,34,32.5,35.5,19978.6966811165,19633.3178387625,"Micrometers","Cubic micrometers","Glomeromycota",894.568508109694,"Azygospores"
"Dominikia_compressa","Glomus_compressum","Glomeraceae","Glomerales",50,68,94,103,50,68,94,103,NA,81,81,76.5,76.5,278261.856902736,234413.666488879,"Micrometers","Cubic micrometers","Glomeromycota",5152.99735005066,"Azygospores"
"Dominikia_difficilevidera",NA,"Glomeraceae","Glomerales",31,36,36,45,31,36,36,45,NA,36,36,38,38,24429.0244743142,28730.9120146299,"Micrometers","Cubic micrometers","Glomeromycota",1017.87601976309,"Azygospores"
"Dominikia_disticha",NA,"Glomeraceae","Glomerales",28,40,40,57,28,40,40,57,NA,40,40,42.5,42.5,33510.3216382911,40194.3872580382,"Micrometers","Cubic micrometers","Glomeromycota",1256.63706143592,"Azygospores"
"Dominikia_duoreactiva",NA,"Glomeraceae","Glomerales",30,52,52,70,30,52,52,70,NA,52,52,50,50,73622.1766393256,65449.8469497874,"Micrometers","Cubic micrometers","Glomeromycota",2123.7166338267,"Azygospores"
"Dominikia_indica","Dominikia_indicum Glomus_indicum","Glomeraceae","Glomerales",17,32,32,52,17,32,32,52,"globose to subglobose",32,32,34.5,34.5,17157.2846788051,21500.8637716277,"Micrometers","Cubic micrometers","Glomeromycota",804.247719318987,"Azygospores"
"Dominikia_iranica","Rhizophagus_iranicus Glomus_iranicum","Glomeraceae","Glomerales",13,40,40,56,13,40,40,56,"globose to subglobose",40,40,34.5,34.5,33510.3216382911,21500.8637716277,"Micrometers","Cubic micrometers","Glomeromycota",1256.63706143592,"Azygospores"
"Dominikia_minuta","Glomus_minutum","Glomeraceae","Glomerales",18,39,39,65,18,39,39,65,"globose to subglobose",39,39,41.5,41.5,31059.3557697155,37423.3716378781,"Micrometers","Cubic micrometers","Glomeromycota",1194.59060652752,"Azygospores"
"Entrophospora_baltica",NA,"","",110,177,177,220,110,177,177,220,"globose to subglobose",177,177,165,165,2903477.20920728,2352071.14983451,"Micrometers","Cubic micrometers","Glomeromycota",24605.7390610787,"Azygospores"
"Entrophospora_infrequens","Glomus_infrequens","Entrophosporaceae","unknown",69,69,183,225,69,69,164,164,"subgloboser to ellipsoid",116.5,126,116.5,147,895408.098746366,1044642.78187076,"Micrometers","Cubic micrometers","Glomeromycota",11528.8596405111,"Azygospores"
"Entrophospora_nevadensis",NA,"sequences cluster inDiversisporaceae","sequences cluster inDiversisporales",90,90,115,115,90,90,115,115,"globose to subglobose",102.5,102.5,102.5,102.5,563858.612703287,563858.612703287,"Micrometers","Cubic micrometers","Glomeromycota",8251.58945419444,"Azygospores"
"Funneliformis_africanum","Glomus_africanum","Glomeraceae","",60,87,87,125,60,87,87,125,"globose to subglobose",87,87,92.5,92.5,344791.364527807,414403.887193447,"Micrometers","Cubic micrometers","Glomeromycota",5944.67869875529,"Azygospores"
"Funneliformis_badium","Glomus_badium","Glomeraceae","Glomerales",33,51,90,90,50,75,120,120,"globose to subglobose to ovoid",70.5,97.5,61.5,85,253735.639405701,168332.424865567,"Micrometers","Cubic micrometers","Glomeromycota",5398.63062565321,"Azygospores"
"Funneliformis_caledonium","Endogone_macrocarpa_var_caledonia Glomus_caledonium","Glomeraceae","Glomerales",130,130,279,279,120,120,272,272,"globose to subglobose",196,204.5,196,204.5,4113429.68021208,4113429.68021208,"Micrometers","Cubic micrometers","Glomeromycota",31480.3291852965,"Azygospores"
"Funneliformis_coronatum","Glomus_coronatum","Glomeraceae","Glomerales",173,173,336,336,173,173,336,336,"globose to subglobose",254.5,254.5,254.5,254.5,8631017.20497731,8631017.20497731,"Micrometers","Cubic micrometers","Glomeromycota",50870.4353927936,"Azygospores"
"Funneliformis_fragilistratum","Glomus_fragilistratum","Glomeraceae","Glomerales",108,146,146,191,108,146,146,191,"globose",146,146,149.5,149.5,1629510.59909539,1749533.24838022,"Micrometers","Cubic micrometers","Glomeromycota",16741.54725098,"Azygospores"
"Funneliformis_geosporum","Endogone_macrocarpa_var_geospora Glomus_macrocarpum_var_geosporum Glomus_geosporum","Glomeraceae","Glomerales",110,110,290,290,110,110,290,290,"globose to subglobose to ellipsoid",200,200,200,200,4188790.20478639,4188790.20478639,"Micrometers","Cubic micrometers","Glomeromycota",31415.9265358979,"Azygospores"
"Funneliformis_mosseae","Endogone_mosseae Glomus_mosseae","Glomeraceae","Glomerales",105,105,310,310,110,110,305,305,"globose to ellipsoid",207.5,207.5,207.5,207.5,4677921.45473476,4677921.45473476,"Micrometers","Cubic micrometers","Glomeromycota",33816.2996727814,"Azygospores"
"Funneliformis_verruculosum","Glomus_verruculosum","Glomeraceae","Glomerales",150,189,189,265,150,189,189,265,"globose to subglobose",189,189,207.5,207.5,3534956.18213475,4677921.45473476,"Micrometers","Cubic micrometers","Glomeromycota",28055.2077947202,"Azygospores"
"Funneliformis_xanthium","Glomus_xanthium","Glomeraceae","Glomerales",23,50,50,75,23,50,50,75,"globose to subglobose",50,50,49,49,65449.8469497874,61600.8723503643,"Micrometers","Cubic micrometers","Glomeromycota",1963.49540849362,"Azygospores"
"Fuscutata_aurea",NA,"","",160,160,250,310,160,160,250,310,NA,205,205,235,235,4510868.9016263,6795199.45986777,"Micrometers","Cubic micrometers","Glomeromycota",33006.3578167778,"Azygospores"
"Geosiphon_pyriformis","Botrydium_pyriforme Geosiphonomyces_pyriformis","Geosiphonaceae","Archaeosporales",250,250,250,250,250,250,250,250,"globose",250,250,250,250,8181230.86872342,8181230.86872342,"Micrometers","Cubic micrometers","Glomeromycota",49087.3852123405,"Azygospores"
"Gigaspora_albida",NA,"Gigasporaceae","",143,143,330,350,143,143,330,350,"globose",236.5,236.5,246.5,246.5,6926152.6262923,7842407.28669034,"Micrometers","Cubic micrometers","Glomeromycota",43929.0864246869,"Azygospores"
"Gigaspora_candida","Gigaspora_alboaurantiaca","Gigasporaceae","Diversisporales",200,200,300,300,200,200,300,300,"globose",250,250,250,250,8181230.86872342,8181230.86872342,"Micrometers","Cubic micrometers","Glomeromycota",49087.3852123405,"Azygospores"
"Gigaspora_decipiens",NA,"Gigasporaceae","Diversisporales",320,320,490,490,320,320,490,490,"globose",405,405,405,405,34782732.1128419,34782732.1128419,"Micrometers","Cubic micrometers","Glomeromycota",128824.933751266,"Azygospores"
"Gigaspora_gigantea","Endogone_gigantea","Gigasporaceae","Diversisporales",353,353,368,368,345,345,398,398,"globose to ellipsoid",360.5,371.5,360.5,371.5,25279470.8189507,25279470.8189507,"Micrometers","Cubic micrometers","Glomeromycota",105185.038081626,"Azygospores"
"Gigaspora_lazzarii",NA,"","Diversisporales",NA,NA,NA,NA,NA,NA,NA,NA,NA,NA,NA,NA,NA,NA,NA,"Micrometers","Cubic micrometers","Glomeromycota",NA,"Azygospores"
"Gigaspora_margarita",NA,"Gigasporaceae","Diversisporales",260,260,480,480,260,260,480,480,"globose",370,370,370,370,26521848.7803806,26521848.7803806,"Micrometers","Cubic micrometers","Glomeromycota",107521.008569111,"Azygospores"
"Gigaspora_ramisporophora",NA,"Gigasporaceae","Diversisporales",96,200,450,567,96,200,450,567,"globose to subglobose",325,325,331.5,331.5,17974164.2185854,19074326.8620765,"Micrometers","Cubic micrometers","Glomeromycota",82957.6810088555,"Azygospores"
"Gigaspora_rosea",NA,"Gigasporaceae","Diversisporales",230,230,305,305,230,230,305,305,"globose",267.5,267.5,267.5,267.5,10022359.6071135,10022359.6071135,"Micrometers","Cubic micrometers","Glomeromycota",56200.1473296087,"Azygospores"
"Glomus_albidum","Glomus_albidus","","Glomerales",85,95,168,198,85,95,168,177,"globose to subglobose",131.5,131.5,131,141.5,1190627.42194517,1271445.220208,"Micrometers","Cubic micrometers","Glomeromycota",13581.3013910095,"Azygospores"
"Glomus_ambisporum",NA,"","",85,85,157,157,85,85,157,157,"globose to subglobose",121,121,121,121,927587.170497698,927587.170497698,"Micrometers","Cubic micrometers","Glomeromycota",11499.014510302,"Azygospores"
"Glomus_antarcticum",NA,"","",50,50,70,70,50,50,70,70,"globose to subglobose",60,60,60,60,113097.335529233,113097.335529233,"Micrometers","Cubic micrometers","Glomeromycota",2827.43338823081,"Azygospores"
"Glomus_arborense",NA,"","",24,24,55,55,50,50,50,50,NA,39.5,50,39.5,50,40847.2494813623,40847.2494813623,"Micrometers","Cubic micrometers","Glomeromycota",1551.16137270996,"Azygospores"
"Glomus_atrouva",NA,"","",100,100,180,200,100,100,180,200,"globose to subglobose",140,140,150,150,1436755.04024173,1767145.86764426,"Micrometers","Cubic micrometers","Glomeromycota",15393.80400259,"Azygospores"
"Glomus_australe","Endogone_australis","","",120,160,160,180,120,160,160,180,"globose",160,160,150,150,2144660.58485063,1767145.86764426,"Micrometers","Cubic micrometers","Glomeromycota",20106.1929829747,"Azygospores"
"Glomus_avelingiae",NA,"","",64,64,80,80,64,64,80,80,"globose to subglobose",72,72,72,72,195432.195794514,195432.195794514,"Micrometers","Cubic micrometers","Glomeromycota",4071.50407905237,"Azygospores"
"Glomus_bagyarajii",NA,"","",36,100.8,100.8,125.2,36,100.8,100.8,125.2,"globose to subglobose",100.8,100.8,80.6,80.6,536265.945260146,274159.783032769,"Micrometers","Cubic micrometers","Glomeromycota",7980.14799494265,"Azygospores"
"Glomus_bistratum",NA,"","",20,29,29,50,20,29,29,50,"globose to subglobose",29,29,35,35,12770.0505380669,22449.2975037771,"Micrometers","Cubic micrometers","Glomeromycota",660.519855417254,"Azygospores"
"Glomus_boreale","Endogone_borealis","","",125,125,145,145,100,100,110,110,"ellipsoid  ",105,135,105,135,779311.327631118,779311.327631118,"Micrometers","Cubic micrometers","Glomeromycota",11133.0189661588,"Azygospores"
"Glomus_botryoides",NA,"","",145,145,145,145,250,250,250,250,"globose to subglobose",145,250,145,250,2752166.06423856,2752166.06423856,"Micrometers","Cubic micrometers","Glomeromycota",28470.6834231575,"Azygospores"
"Glomus_brohultii",NA,"","",95,95,130,130,70,70,105,105,"globose to subglobose to irregular",87.5,112.5,87.5,112.5,450990.351638379,450990.351638379,"Micrometers","Cubic micrometers","Glomeromycota",7731.26317094363,"Azygospores"
"Glomus_caesaris",NA,"","",156,156,212,240,156,156,212,240,"globose",184,184,198,198,3261760.66698471,4064378.94691403,"Micrometers","Cubic micrometers","Glomeromycota",26590.440219984,"Azygospores"
"Glomus_canadense","Endogone_canadensis Glomus_canadensis","","",100,100,100,100,100,100,100,100,"ovoid to ellipsoid",100,100,100,100,523598.775598299,523598.775598299,"Micrometers","Cubic micrometers","Glomeromycota",7853.98163397448,"Azygospores"
"Glomus_canum",NA,"","",30,30,50,50,30,30,50,50,"globose to subglobose",40,40,40,40,33510.3216382911,33510.3216382911,"Micrometers","Cubic micrometers","Glomeromycota",1256.63706143592,"Azygospores"
"Glomus_cerebriforme",NA,"","",25,25,65,80,80,80,80,80,"globose to irregular",45,80,52.5,80,84823.0016469244,115453.530019425,"Micrometers","Cubic micrometers","Glomeromycota",2827.43338823081,"Azygospores"
"Glomus_citricola",NA,"","",35,35,65,65,60,60,90,90,NA,50,75,50,75,98174.770424681,98174.770424681,"Micrometers","Cubic micrometers","Glomeromycota",2945.24311274043,"Azygospores"
"Glomus_convolutum","Glomus_convolutus","","",81,81,193,193,67,67,193,193,"globose to ovoid",130,137,130,137,1212288.24514274,1212288.24514274,"Micrometers","Cubic micrometers","Glomeromycota",13987.9412901086,"Azygospores"
"Glomus_crenatum",NA,"","",100,100,208,208,100,100,208,208,"globose to subglobose to elliptical",154,154,154,154,1912320.95856175,1912320.95856175,"Micrometers","Cubic micrometers","Glomeromycota",18626.5028431339,"Azygospores"
"Glomus_cubense",NA,"none (invalidly published)","",20,20,48,48,24,54,82,82,"ovoid to ellipsoid to pyriform to irregular",34,68,34,53,41159.0525522311,32079.8497833566,"Micrometers","Cubic micrometers","Glomeromycota",1815.8405537749,"Azygospores"
"Glomus_cuneatum",NA,"","",70,70,120,120,180,180,180,180,"globose to ovoid to clavate to irregular",95,180,95,180,850586.210959436,850586.210959436,"Micrometers","Cubic micrometers","Glomeromycota",13430.3085940964,"Azygospores"
"Glomus_delhiense",NA,"","none (invalidly published)",100,100,125,125,100,100,125,125,"globose",112.5,112.5,112.5,112.5,745514.662912422,745514.662912422,"Micrometers","Cubic micrometers","Glomeromycota",9940.19550549895,"Azygospores"
"Septoglomus_deserticola","Glomus_deserticola","Glomeraceae","Glomerales",47,54,115,115,38,52,102,102,"globose to subglobose",77,84.5,70,81,262323.248374136,207816.354034965,"Micrometers","Cubic micrometers","Glomeromycota",5110.1931501455,"Azygospores"
"Glomus_dimorphicum",NA,"","",NA,NA,NA,NA,NA,NA,NA,NA,NA,NA,NA,NA,NA,NA,NA,"Micrometers","Cubic micrometers","Glomeromycota",NA,"Azygospores"
"Glomus_dolichosporum",NA,"","",110,110,190,220,65,65,100,100,"ellipsoid to ovoid to obovoid to oblong to ellipsoid",82.5,150,82.5,165,534561.624962388,588017.787458627,"Micrometers","Cubic micrometers","Glomeromycota",9719.30227204342,"Azygospores"
"Glomus_flavisporum","Endogone_flavispora Glomus_flavisporus","","",149,149,202,202,95,95,152,152,"ovate to oblong",123.5,175.5,123.5,175.5,1401553.42910841,1401553.42910841,"Micrometers","Cubic micrometers","Glomeromycota",17022.9161430171,"Azygospores"
"Glomus_formosanum",NA,"","",65,65,117,117,65,65,117,117,"globose to sublgobose",91,91,91,91,394568.852926386,394568.852926386,"Micrometers","Cubic micrometers","Glomeromycota",6503.88219109427,"Azygospores"
"Glomus_fragile","Paurocotylis_fragilis Glomus_fragilis","","",NA,NA,NA,NA,NA,NA,NA,NA,NA,NA,NA,NA,NA,NA,NA,"Micrometers","Cubic micrometers","Glomeromycota",NA,"Azygospores"
"Glomus_fuegianum","Endogone_fuegiana Glomus_fuegianus","","",50,50,85,85,50,50,85,85,"globose to subglobose",67.5,67.5,67.5,67.5,161031.167189083,161031.167189083,"Micrometers","Cubic micrometers","Glomeromycota",3578.47038197962,"Azygospores"
"Glomus_glomerulatum",NA,"","",40,40,70,70,40,40,70,70,"globose to subglobose",55,55,55,55,87113.746290167,87113.746290167,"Micrometers","Cubic micrometers","Glomeromycota",2375.82944427728,"Azygospores"
"Glomus_goaensis",NA,"","",40,40,150,150,40,40,150,150,"subglobose",95,95,95,95,448920.500228591,448920.500228591,"Micrometers","Cubic micrometers","Glomeromycota",7088.21842466197,"Azygospores"
"Glomus_halonatum",NA,"","",200,200,280,280,200,200,280,280,"globose to subglobose",240,240,240,240,7238229.47387088,7238229.47387088,"Micrometers","Cubic micrometers","Glomeromycota",45238.934211693,"Azygospores"
"Glomus_heterosporum",NA,"","",99,99,206,206,61,61,201,201,"obovoid to ellipsoid",131,152.5,131,152.5,1370285.48467647,1370285.48467647,"Micrometers","Cubic micrometers","Glomeromycota",15690.2918092725,"Azygospores"
"Glomus_hoi","Simiglomus_hoi","","",50,80,120,155,45,75,120,140,"globose to subglobose to ellipsoid to irregular",97.5,100,92.5,102.5,497746.086053133,459204.307430577,"Micrometers","Cubic micrometers","Glomeromycota",7657.63209312512,"Azygospores"
"Glomus_hyderabadensis",NA,"","",97,97,136,136,97,97,136,136,"globose to subglobose",116.5,116.5,116.5,116.5,827897.170666282,827897.170666282,"Micrometers","Cubic micrometers","Glomeromycota",10659.620223171,"Azygospores"
"Glomus_kerguelense",NA,"","",153,153,216,216,153,153,216,216,"globose to subglobose",184.5,184.5,184.5,184.5,3288423.42928557,3288423.42928557,"Micrometers","Cubic micrometers","Glomeromycota",26735.14983159,"Azygospores"
"Glomus_lacteum",NA,"","",150,150,220,220,150,150,220,220,"globose to subglobose",185,185,185,185,3315231.09754758,3315231.09754758,"Micrometers","Cubic micrometers","Glomeromycota",26880.2521422777,"Azygospores"
"Glomus_macrocarpum","Endogone_macrocarpa Paurocotylis_fulva Endogone_pampaloniana Endogone_nuda","Glomeraceae","Glomerales(emendation)",90,120,120,140,70,110,110,130,"globose to subglobose",110,120,100,115,760265.42216873,602138.591938044,"Micrometers","Cubic micrometers","Glomeromycota",10367.2557568463,"Azygospores"
"Glomus_magnicaule",NA,"","",125,125,175,175,125,125,175,175,"globose to subglobose",150,150,150,150,1767145.86764426,1767145.86764426,"Micrometers","Cubic micrometers","Glomeromycota",17671.4586764426,"Azygospores"
"Glomus_melanosporum",NA,"","",166,166,277,277,129,129,244,244,"subglobose to obovoid",186.5,221.5,186.5,221.5,4033945.4880307,4033945.4880307,"Micrometers","Cubic micrometers","Glomeromycota",32444.6017804077,"Azygospores"
"Glomus_microaggregatum","Rhizoglomus_microaggregatum","","",15,30,30,50,15,30,30,50,"globose to subglobose to irregular",30,30,32.5,32.5,14137.1669411541,17974.1642185854,"Micrometers","Cubic micrometers","Glomeromycota",706.858347057703,"Azygospores"
"Glomus_microcarpum","Endogone_microcarpus Endogone_neglecta","","",30,40,40,45,30,35,35,40,"globose to subglobose",35,40,35,37.5,25656.3400043166,24052.8187540469,"Micrometers","Cubic micrometers","Glomeromycota",1099.55742875643,"Azygospores"
"Glomus_monosporum",NA,"","",140,140,330,330,140,140,330,330,"globose to subglobose",235,235,235,235,6795199.45986777,6795199.45986777,"Micrometers","Cubic micrometers","Glomeromycota",43373.6135736241,"Azygospores"
"Glomus_mortonii",NA,"","",37,125,125,210,44,149,149,275,"globose to subglobose to pyriform to reniform to irregular",125,149,123.5,159.5,1219003.39943979,1273776.47830651,"Micrometers","Cubic micrometers","Glomeromycota",14628.0407932775,"Azygospores"
"Glomus_multicaule",NA,"","",149,149,249,249,124,124,162,162,"ellipsoid to irregular",143,199,143,199,2130707.20107971,2130707.20107971,"Micrometers","Cubic micrometers","Glomeromycota",22350.0755358012,"Azygospores"
"Glomus_multiforum",NA,"","",170,215,215,230,170,215,215,230,"globose to subglobose",215,215,200,200,5203720.98143674,4188790.20478639,"Micrometers","Cubic micrometers","Glomeromycota",36305.030103047,"Azygospores"
"Glomus_multisubstensum",NA,"","",100,100,150,150,100,100,150,150,"globose to subglobose",125,125,125,125,1022653.85859043,1022653.85859043,"Micrometers","Cubic micrometers","Glomeromycota",12271.8463030851,"Azygospores"
"Glomus_nanolumen",NA,"","",24,30,30,52,20,34,34,63,"subglobose to pyriform to ovoid to irregular",30,34,38,41.5,16022.1225333079,31377.1802265037,"Micrometers","Cubic micrometers","Glomeromycota",801.106126665397,"Azygospores"
"Glomus_pallidum","Glomus_pallidus","","",32,32,78,78,28,28,68,68,"globose to subglobose",48,55,48,55,66350.4368438164,66350.4368438164,"Micrometers","Cubic micrometers","Glomeromycota",2073.45115136926,"Azygospores"
"Glomus_pansihalos",NA,"","",108,130,155,200,110,120,130,180,"globose to subglobose to ellipsoid to irregular",125,142.5,145,154,1165825.39879309,1695334.29557095,"Micrometers","Cubic micrometers","Glomeromycota",13989.904785517,"Azygospores"
"Glomus_pellucidum",NA,"","",60,60,110,110,60,60,110,110,"globose to subglobose",85,85,85,85,321555.098064305,321555.098064305,"Micrometers","Cubic micrometers","Glomeromycota",5674.50173054656,"Azygospores"
"Glomus_perpusillum",NA,"","",10,24,24,30,10,24,24,30,"globose to subglobose",24,24,20,20,7238.22947387088,4188.79020478639,"Micrometers","Cubic micrometers","Glomeromycota",452.38934211693,"Azygospores"
"Glomus_pustulatum",NA,"","",43,86,140,140,60,86,140,140,"globose to irregular",113,113,91.5,100,755499.102514459,438369.984900286,"Micrometers","Cubic micrometers","Glomeromycota",10028.749148422,"Azygospores"
"Glomus_radiatum","Endogone_radiata","","",60,60,110,120,48,48,75,90,"ellipsoid to irregular",61.5,85,69,90,168332.424865567,224356.839356115,"Micrometers","Cubic micrometers","Glomeromycota",4105.66889916016,"Azygospores"
"Glomus_reticulatum","Glomus_reticulatus","","",130,130,170,170,130,130,170,170,"globose",150,150,150,150,1767145.86764426,1767145.86764426,"Micrometers","Cubic micrometers","Glomeromycota",17671.4586764426,"Azygospores"
"Glomus_segmentatum","Glomus_segmentatus","","",52,52,100,100,40,40,86,86,"globose to subglobose to obovoid to ellipsoid",63,76,63,76,157940.429066573,157940.429066573,"Micrometers","Cubic micrometers","Glomeromycota",3760.48640634698,"Azygospores"
"Glomus_spinosum",NA,"","",40,50,70,90,40,50,70,90,"globose to subglobose",60,60,65,65,113097.335529233,143793.313748683,"Micrometers","Cubic micrometers","Glomeromycota",2827.43338823081,"Azygospores"
"Glomus_spinuliferum",NA,"","",110,120,140,154,110,120,140,154,"globose to subglobose",130,130,132,132,1150346.50998946,1204260.42871527,"Micrometers","Cubic micrometers","Glomeromycota",13273.2289614169,"Azygospores"
"Glomus_sterilum","Glomus_sterile","none (invalidly published)","",39.6,136.8,136.8,144,39.6,136.8,136.8,144,"globose to subglobose to irregular",136.8,136.8,91.8,91.8,1340469.43095457,405066.815692782,"Micrometers","Cubic micrometers","Glomeromycota",14698.1297253791,"Azygospores"
"Glomus_tenebrosum","Endogone_tenebrosa","","",200,240,240,270,205,230,230,270,"globose to subglobose",230,240,235,237.5,6647610.054996,6867488.81582381,"Micrometers","Cubic micrometers","Glomeromycota",43353.9786195391,"Azygospores"
"Glomus_tenerum","Glomus_tener","","none (invalidly published)",44,44,130,130,44,44,130,130,"globose",87,87,87,87,344791.364527807,344791.364527807,"Micrometers","Cubic micrometers","Glomeromycota",5944.67869875529,"Azygospores"
"Glomus_tenue","Rhizophagus_tenuis Glomus_tenuis","","",10,10,12,12,10,10,12,12,"globose",11,11,11,11,696.909970321336,696.909970321336,"Micrometers","Cubic micrometers","Glomeromycota",95.0331777710912,"Azygospores"
"Glomus_tetrastratosum",NA,"Glomeraceae","",55,136,136,240,55,136,136,240,NA,136,136,147.5,147.5,1317089.68167139,1680253.01458755,"Micrometers","Cubic micrometers","Glomeromycota",14526.7244301992,"Azygospores"
"Glomus_trufemii",NA,"","",72,72,92,92,79,79,105,105,"sublgobose to elliptical to globose",82,92,82,92,323902.391375312,323902.391375312,"Micrometers","Cubic micrometers","Glomeromycota",5925.04374467035,"Azygospores"
"Glomus_versiforme","Endogone_versiformis","","",125,160,160,180,120,140,140,175,"globose to subglobose to ellipsoid to irregular",140,160,147.5,152.5,1642005.76027627,1737210.7438956,"Micrometers","Cubic micrometers","Glomeromycota",17592.9188601028,"Azygospores"
"Glomus_warcupii",NA,"","",200,200,320,320,200,200,320,320,"globose to subglobose",260,260,260,260,9202772.0799157,9202772.0799157,"Micrometers","Cubic micrometers","Glomeromycota",53092.9158456675,"Azygospores"
"Glomus_zaozhuangianus",NA,"","",NA,NA,NA,NA,NA,NA,NA,NA,NA,NA,NA,NA,NA,NA,NA,"Micrometers","Cubic micrometers","Glomeromycota",NA,"Azygospores"
"Intraornatospora_intraornata","Racocetra_intraornata","","Diversisporales",NA,NA,NA,NA,NA,NA,NA,NA,NA,NA,NA,NA,NA,NA,NA,"Micrometers","Cubic micrometers","Glomeromycota",NA,"Azygospores"
"Kamienskia_bistrata","Glomus_bistratum","Glomeraceae","",NA,NA,NA,NA,NA,NA,NA,NA,NA,NA,NA,NA,NA,NA,NA,"Micrometers","Cubic micrometers","Glomeromycota",NA,"Azygospores"
"Kamienskia_perpusilla","Glomus_perpusillum","Glomeraceae","Glomerales",NA,NA,NA,NA,NA,NA,NA,NA,NA,NA,NA,NA,NA,NA,NA,"Micrometers","Cubic micrometers","Glomeromycota",NA,"Azygospores"
"Otospora_bareae","Otospora_bareai","Diversisporaceae","Glomerales",150,150,200,200,150,150,200,200,"globose to subglobose to irregular",175,175,175,175,2806162.18797213,2806162.18797213,"Micrometers","Cubic micrometers","Glomeromycota",24052.8187540469,"Azygospores"
"Pacispora_boliviana",NA,"Pacisporaceae","Diversisporales",70,70,95,95,70,70,95,95,"globose to subglobose",82.5,82.5,82.5,82.5,294008.893729314,294008.893729314,"Micrometers","Cubic micrometers","Glomeromycota",5345.61624962388,"Azygospores"
"Pacispora_chimonobambusae","Glomus_chimonobambusae Gerdemannia_chimonobambusae","Pacisporaceae","Diversisporales",110,110,180,180,110,110,180,180,"variable",145,145,145,145,1596256.31725836,1596256.31725836,"Micrometers","Cubic micrometers","Glomeromycota",16512.9963854314,"Azygospores"
"Pacispora_coralloidae",NA,"Pacisporaceae","Diversisporales",110,122,150,165,110,122,150,165,"globose to subglobose",136,136,137.5,137.5,1317089.68167139,1361152.28578386,"Micrometers","Cubic micrometers","Glomeromycota",14526.7244301992,"Azygospores"
"Pacispora_franciscana",NA,"Pacisporaceae","Diversisporales",106,120,171,191,106,120,171,191,"globose to subglobose",145.5,145.5,148.5,148.5,1612826.32046049,1714659.86822936,"Micrometers","Cubic micrometers","Glomeromycota",16627.0754686648,"Azygospores"
"Pacispora_patagonica","Glomus_patagonicum","Pacisporaceae","Diversisporales",98,136,136,187,98,136,136,187,"globose to subglobose",136,136,142.5,142.5,1317089.68167139,1515106.6882715,"Micrometers","Cubic micrometers","Glomeromycota",14526.7244301992,"Azygospores"
"Pacispora_robigina",NA,"Pacisporaceae","Diversisporales",100,125,155,161,100,125,155,161,"globose to subglobose",140,140,130.5,130.5,1436755.04024173,1163670.85528135,"Micrometers","Cubic micrometers","Glomeromycota",15393.80400259,"Azygospores"
"Pacispora_scintillans","Glomus_scintillans Pacispora_dominikii Gerdemannia_scintillans Glomus_dominikii","Pacisporaceae","Diversisporales",180,180,210,210,180,180,210,210,"globose to subglobose",195,195,195,195,3882419.47121444,3882419.47121444,"Micrometers","Cubic micrometers","Glomeromycota",29864.765163188,"Azygospores"
"Palaeospora_spainiae",NA,"Archaeosporaceae","Diversisporales",52,52,80,80,51,51,77,77,NA,64,66,64,66,141547.598600142,141547.598600142,"Micrometers","Cubic micrometers","Glomeromycota",3317.52184219082,"Azygospores"
"Paradentiscutata_bahiana",NA,"","Diversisporales",190,190,260,260,190,190,260,260,NA,225,225,225,225,5964117.30329937,5964117.30329937,"Micrometers","Cubic micrometers","Glomeromycota",39760.7820219958,"Azygospores"
"Paradentiscutata_maritima",NA,"","Diversisporales",150,150,260,260,150,150,260,260,NA,205,205,205,205,4510868.9016263,4510868.9016263,"Micrometers","Cubic micrometers","Glomeromycota",33006.3578167778,"Azygospores"
"Paraglomus_brasilianum","Glomus_brasilianum","Paraglomeraceae","Archaeosporales",47.5,60,80,112.5,47.5,60,80,112.5,"globose",70,70,80,80,179594.380030217,268082.573106329,"Micrometers","Cubic micrometers","Glomeromycota",3848.4510006475,"Azygospores"
"Paraglomus_laccatum","Glomus_laccatum","Paraglomeraceae","Paraglomerales",50,87,87,103,50,87,87,103,"globose to subglobose",87,87,76.5,76.5,344791.364527807,234413.666488879,"Micrometers","Cubic micrometers","Glomeromycota",5944.67869875529,"Azygospores"
"Paraglomus_majewskii",NA,"Paraglomeraceae","Paraglomerales",35,63,63,78,35,63,63,78,NA,63,63,56.5,56.5,130924.303042028,94437.3878143073,"Micrometers","Cubic micrometers","Glomeromycota",3117.24531052447,"Azygospores"
"Paraglomus_occultum","Glomus_occultum","Paraglomeraceae","Paraglomerales",60,72,72,100,60,72,72,100,"irregular",72,72,80,80,195432.195794514,268082.573106329,"Micrometers","Cubic micrometers","Glomeromycota",4071.50407905237,"Azygospores"
"Paurocotylis_fulvavar.zealandica","Glomus_macrocarpum","","Glomerales",NA,NA,NA,NA,NA,NA,NA,NA,NA,NA,NA,NA,NA,NA,NA,"Micrometers","Cubic micrometers","Glomeromycota",NA,"Azygospores"
"Racocetra_alborosea","Gigaspora_alborosea Scutellospora_alborosea","Gigasporaceae","Diversisporales",204,204,207,207,204,204,207,207,"globose to subglobose",205.5,205.5,205.5,205.5,4543955.82820467,4543955.82820467,"Micrometers","Cubic micrometers","Glomeromycota",33167.5607898151,"Azygospores"
"Racocetra_beninensis",NA,"Gigasporaceae","",210,210,320,320,210,210,320,320,"globose to sublgobose",265,265,265,265,9743976.86434349,9743976.86434349,"Micrometers","Cubic micrometers","Glomeromycota",55154.5860245858,"Azygospores"
"Racocetra_castanea","Scutellospora_castanea","Gigasporaceae","Paraglomerales",169,169,369,369,176,176,372,372,"globose to subglobose",269,274,269,274,10381347.8942928,10381347.8942928,"Micrometers","Cubic micrometers","Glomeromycota",57888.5570313723,"Azygospores"
"Racocetra_coralloidea","Gigaspora_coralloidea Scutellospora_coralloidea","Gigasporaceae","Diversisporales",308,308,393,393,324,324,454,454,"globose to subglobose",350.5,389,350.5,389,25022129.5474766,25022129.5474766,"Micrometers","Cubic micrometers","Glomeromycota",107084.719889343,"Azygospores"
"Racocetra_fulgida","Scutellospora_fulgida","Gigasporaceae","Diversisporales",160,160,240,240,160,160,245,245,"globose to subglobose",200,202.5,200,202.5,4241150.08234622,4241150.08234622,"Micrometers","Cubic micrometers","Glomeromycota",31808.6256175967,"Azygospores"
"Racocetra_gregaria","Gigaspora_gregaria Scutellospora_gregaria","Gigasporaceae","Diversisporales",250,250,448,448,250,250,448,448,"globose",349,349,349,349,22257424.2088603,22257424.2088603,"Micrometers","Cubic micrometers","Glomeromycota",95662.2816999726,"Azygospores"
"Racocetra_intraornata",NA,"Gigasporaceae","Diversisporales",150,150,260,260,150,150,260,260,"globose to subglobose to irregular",205,205,205,205,4510868.9016263,4510868.9016263,"Micrometers","Cubic micrometers","Glomeromycota",33006.3578167778,"Azygospores"
"Racocetra_minuta","Gigaspora_minuta Scutellospora_minuta","Gigasporaceae","Diversisporales",97,97,180,180,97,97,180,180,"globose to subglobose to irregular",138.5,138.5,138.5,138.5,1391066.66193103,1391066.66193103,"Micrometers","Cubic micrometers","Glomeromycota",15065.7039198307,"Azygospores"
"Racocetra_persica","Gigaspora_persica Scutellospora_persica","Gigasporaceae","Diversisporales",270,270,354,354,281,281,384,384,"globose to subglobose to ellipsoid",312,332.5,312,332.5,16947258.7379371,16947258.7379371,"Micrometers","Cubic micrometers","Glomeromycota",81477.2054708513,"Azygospores"
"Racocetra_tropicana",NA,"Gigasporaceae","Diversisporales",170,190,265,265,170,190,265,265,"globose to subglobose",227.5,227.5,217.5,217.5,6165138.32697478,5387365.07074698,"Micrometers","Cubic micrometers","Glomeromycota",40649.2636943392,"Azygospores"
"Racocetra_undulata",NA,"Gigasporaceae","Diversisporales",195,195,225,225,195,195,225,225,"globose to sublgobose",210,210,210,210,4849048.26081585,4849048.26081585,"Micrometers","Cubic micrometers","Glomeromycota",34636.0590058275,"Azygospores"
"Racocetra_verrucosa","Gigaspora_verrucosa Scutellospora_verrucosa","Gigasporaceae","Diversisporales",220,220,476,476,220,220,476,476,"globose to subglobose",348,348,348,348,22066647.3297796,22066647.3297796,"Micrometers","Cubic micrometers","Glomeromycota",95114.8591800846,"Azygospores"
"Racocetra_weresubiae","Scutellospora_weresubiae","Gigasporaceae","Diversisporales",125,125,265,265,135,135,414,414,"globose to subglobose",195,274.5,195,274.5,5465252.0248634,5465252.0248634,"Micrometers","Cubic micrometers","Glomeromycota",42040.4001912569,"Azygospores"
"Redeckera_fulvum","Paurocotylis_fulvum Endogone_fulva Glomus_fulvum Endogone_lignicola Endogone_moelleri","Diversisporaceae","Diversisporales",70,120,120,160,50,50,80,80,NA,65,120,65,115,265464.579228338,254403.555093823,"Micrometers","Cubic micrometers","Glomeromycota",6126.1056745001,"Azygospores"
"Redeckera_megalocarpum","Glomus_megalocarpum","Diversisporaceae","Diversisporales",56,65,95,115,38,38,57,62,"obovate to pyriform",47.5,80,50,85.5,94509.5789954929,111919.238284136,"Micrometers","Cubic micrometers","Glomeromycota",2984.5130209103,"Azygospores"
"Redeckera_pulvinatum","Endogone_pulvinata Glomus_pulvinatum","Diversisporaceae","Diversisporales",65,65,82,100,65,65,90,105,"globose to subglobose",73.5,77.5,82.5,85,219217.390124383,302918.254145353,"Micrometers","Cubic micrometers","Glomeromycota",4473.82428825271,"Azygospores"
"Rhizoglomus_melanum",NA,"Glomeraceae","Glomerales",137,165,226,285,137,165,226,285,NA,195.5,195.5,211,211,3912360.8781484,4918650.7696549,"Micrometers","Cubic micrometers","Glomeromycota",30018.1141545913,"Azygospores"
"Rhizophagus_aggregatus","Glomus_aggregatum","","Diversisporales",67.2,87,87,110.4,57.6,72,72,79.2,"globose to subglobose to obovate to cylindrical to irregular",72,87,68.4,88.8,236147.236585038,217532.31993561,"Micrometers","Cubic micrometers","Glomeromycota",4919.73409552162,"Azygospores"
"Rhizophagus_arabicus","","Glomeraceae","Glomerales(emendation)",33,65,65,105,33,65,65,105,"globose to sublglobose",65,65,69,69,143793.313748683,172006.910173022,"Micrometers","Cubic micrometers","Glomeromycota",3318.30724035422,"Azygospores"
"Rhizophagus_clarus","Glomus_clarum Rhizoglomus_clarum","Glomeraceae","",68,190,190,290,68,190,190,290,"globose to subglobose",190,190,179,179,3591364.00182873,3003016.47804117,"Micrometers","Cubic micrometers","Glomeromycota",28352.8736986479,"Azygospores"
"Rhizophagus_custos","Glomus_custos","Glomeraceae","Glomerales",42,42,90,90,42,42,90,90,"globose",66,66,66,66,150532.553589409,150532.553589409,"Micrometers","Cubic micrometers","Glomeromycota",3421.19439975928,"Azygospores"
"Rhizophagus_diaphanus","Glomus_diaphanum","Glomeraceae","Glomerales",39,74,74,121,39,74,74,121,"globose to subglobose",74,74,80,80,212174.790243045,268082.573106329,"Micrometers","Cubic micrometers","Glomeromycota",4300.84034276443,"Azygospores"
"Rhizophagus_fasciculatus","Endogone_fasciculata Glomus_fasciculatum Endogone_arenacea Rhizoglomus_fasciculatum","Glomeraceae","Glomerales",75,75,105,105,35,35,100,100,"globose to subglobose",67.5,90,67.5,90,214708.222918777,214708.222918777,"Micrometers","Cubic micrometers","Glomeromycota",4771.2938426395,"Azygospores"
"Rhizophagus_intraradices","Glomus_intraradices Rhizoglomus_intraradices","Glomeraceae","Glomerales",40.5,98.5,98.5,190.5,40.5,98.5,98.5,190.5,"globose to subglobose",98.5,98.5,115.5,115.5,500388.492724037,806760.404393236,"Micrometers","Cubic micrometers","Glomeromycota",7620.12933082289,"Azygospores"
"Rhizophagus_invermaium","Glomus_invermaium","Glomeraceae","Glomerales",50,50,75,75,50,50,75,75,"globose",62.5,62.5,62.5,62.5,127831.732323803,127831.732323803,"Micrometers","Cubic micrometers","Glomeromycota",3067.96157577128,"Azygospores"
"Rhizophagus_irregularis","Glomus_irregulare","Glomeraceae","Glomerales",60,60,130,130,80,80,240,240,"ovoid to oblong to irregular",95,160,95,160,756076.631963944,756076.631963944,"Micrometers","Cubic micrometers","Glomeromycota",11938.0520836412,"Azygospores"
"Rhizophagus_manihotis","Glomus_manihotis","Glomeraceae","Glomerales",145,170,235,450,145,170,235,450,"globose to subglobose",202.5,202.5,297.5,297.5,4347841.51410524,13786674.8295071,"Micrometers","Cubic micrometers","Glomeromycota",32206.2334378166,"Azygospores"
"Rhizophagus_natalensis","Rhizoglomus_natalensis","Glomeraceae","Glomerales",75,101,101,133,75,101,101,133,NA,101,101,104,104,539464.342097703,588977.413114605,"Micrometers","Cubic micrometers","Glomeromycota",8011.84666481737,"Azygospores"
"Rhizophagus_populinus",NA,"Glomeraceae","Glomerales",NA,NA,NA,NA,NA,NA,NA,NA,NA,NA,NA,NA,NA,NA,NA,"Micrometers","Cubic micrometers","Glomeromycota",NA,"Azygospores"
"Rhizophagus_proliferus","Glomus_proliferum","Glomeraceae","Glomerales",22,40,66,76,22,40,66,76,"globose to subglobose",53,53,49,49,77951.8149147479,61600.8723503643,"Micrometers","Cubic micrometers","Glomeromycota",2206.18344098343,"Azygospores"
"Rhizophagus_vesiculiferus","Endogone_vesiculifera","Glomeraceae","Glomerales",49,49,85,85,49,49,85,85,"globose to subglobose",67,67,67,67,157479.138545271,157479.138545271,"Micrometers","Cubic micrometers","Glomeromycota",3525.65235549115,"Azygospores"
"Sacculospora_felinovii",NA,"Acaulosporaceae","Glomerales",100,171,171,230,100,171,171,230,NA,171,171,165,165,2618104.35733315,2352071.14983451,"Micrometers","Cubic micrometers","Glomeromycota",22965.8276959048,"Azygospores"
"Sclerocystis_alba","Endogone_alba","","",NA,NA,NA,NA,NA,NA,NA,NA,NA,NA,NA,NA,NA,NA,NA,"Micrometers","Cubic micrometers","Glomeromycota",NA,"Azygospores"
"Sclerocystis_clavispora","Glomus_clavisporum","","",140,140,185,185,20,25,40,50,"clavate to subcylindric",32.5,162.5,35,162.5,89870.8210929268,104228.881267536,"Micrometers","Cubic micrometers","Glomeromycota",4147.88405044277,"Azygospores"
"Sclerocystis_coccogenum","Ackermannia_coccogena Sphaerocreas_coccogenum Sclerocystis_microcarpus","","",NA,NA,NA,NA,NA,NA,NA,NA,NA,NA,NA,NA,NA,NA,NA,"Micrometers","Cubic micrometers","Glomeromycota",NA,"Azygospores"
"Sclerocystis_coremioides","Glomus_coremioides","Glomeraceae","Glomerales(emendation)",50,50,86,102,35,35,54,82,"clavate to subcylindric",44.5,68,58.5,76,70506.2403257401,136183.329144137,"Micrometers","Cubic micrometers","Glomeromycota",2376.61484244068,"Azygospores"
"Sclerocystis_dussi","Ackermannia_dussii Sphaerocreas_dussii","","",NA,NA,NA,NA,NA,NA,NA,NA,NA,NA,NA,NA,NA,NA,NA,"Micrometers","Cubic micrometers","Glomeromycota",NA,"Azygospores"
"Sclerocystis_liquidambaris","Glomus_liquidambaris Glomus_liquidambaris Sclerocystis_cunninghamia","","",27.5,40,65,65,55,72.5,132.5,132.5,"cylindroclaveate to obovoid",52.5,102.5,46.25,93.75,147924.835337388,105000.984930772,"Micrometers","Cubic micrometers","Glomeromycota",4226.42386678252,"Azygospores"
"Sclerocystis_pubescens","Sphaerocreas_pubescens Endogone_pubescens Stigmatella_pubescens Glomus_pubescens","","",25,31,31,36,25,31,31,36,"globose to subglobose",31,31,30.5,30.5,15598.5311238489,14855.8717105097,"Micrometers","Cubic micrometers","Glomeromycota",754.767635024948,"Azygospores"
"Sclerocystis_rubiformis","Glomus_rubiforme Sclerocystis_indica Sclerocystis_pachycaulis","","",40,52,52,70,40,52,52,70,"globose to subglobose",52,52,55,55,73622.1766393256,87113.746290167,"Micrometers","Cubic micrometers","Glomeromycota",2123.7166338267,"Azygospores"
"Sclerocystis_sinuosa","Glomus_sinuosum","Glomeraceae","",45,45,118,118,30,30,83,83,"clavate to subcylindric",56.5,81.5,56.5,81.5,136223.842599399,136223.842599399,"Micrometers","Cubic micrometers","Glomeromycota",3616.5621929044,"Azygospores"
"Sclerocystis_taiwanensis","Glomus_taiwanense Glomus_taiwanense","","",40,40,85,85,17.5,22,42.5,55,"clavate to subcylindric",32.25,62.5,36.25,62.5,34035.9657216066,43002.5947537275,"Micrometers","Cubic micrometers","Glomeromycota",1583.06817309798,"Azygospores"
"Scutellospora_alterata",NA,"Gigasporaceae","",155,155,255,255,150,150,225,225,NA,187.5,205,187.5,205,3773592.73819868,3773592.73819868,"Micrometers","Cubic micrometers","Glomeromycota",30188.7419055894,"Azygospores"
"Scutellospora_arenicola",NA,"","Diversisporales",160,240,240,360,120,220,220,310,"subglobose to irregular",220,240,215,260,6082123.37734984,6292871.88452815,"Micrometers","Cubic micrometers","Glomeromycota",41469.0230273853,"Azygospores"
"Scutellospora_armeniaca","Cetraspora_armeniaca","","Diversisporales",140,196,196,240,140,196,196,240,"globose to subglobose",196,196,190,190,3942455.83042331,3591364.00182873,"Micrometers","Cubic micrometers","Glomeromycota",30171.8558450764,"Azygospores"
"Scutellospora_aurigloba","Gigaspora_aurigloba","Gigasporaceae","Diversisporales",323,323,438,438,323,323,469,469,"globose to ovoid",380.5,396,380.5,396,30019477.605803,30019477.605803,"Micrometers","Cubic micrometers","Glomeromycota",118342.224464401,"Azygospores"
"Scutellospora_biornata","Dentiscutata_biornata","","Diversisporales",120,260,450,493,120,260,450,493,"globose to subglobose",355,355,306.5,306.5,23425220.1716453,15076136.429085,"Micrometers","Cubic micrometers","Glomeromycota",98979.8035421634,"Azygospores"
"Scutellospora_calospora","Endogone_calospora Gigaspora_calospora","Gigasporaceae","Diversisporales",114,114,285,511,110,110,412,511,"globose, ellipsoidal to cylindrical",199.5,261,310.5,312.5,5439073.52598012,15775090.2672268,"Micrometers","Cubic micrometers","Glomeromycota",40895.2896690234,"Azygospores"
"Scutellospora_cerradensis","Dentiscutata_cerradensis Scutellospora_trirubiginopa Fuscutata_trirubiginopa","","Diversisporales",167,230,363,363,167,230,363,363,"globose to ovoid",296.5,296.5,265,265,13648116.3254171,9743976.86434349,"Micrometers","Cubic micrometers","Glomeromycota",69046.1196901373,"Azygospores"
"Scutellospora_crenulata",NA,"","Diversisporales",133,133,136,136,133,133,136,136,"globose to sublglobose to broadly ellipsoidal",134.5,134.5,134.5,134.5,1273988.40491093,1273988.40491093,"Micrometers","Cubic micrometers","Glomeromycota",14208.0491254007,"Azygospores"
"Scutellospora_dipapillosa","Gigaspora_dipapillosa","","Diversisporales",135,135,160,160,135,135,180,180,"globose to subglobose to irregular",147.5,157.5,147.5,157.5,1794168.47320365,1794168.47320365,"Micrometers","Cubic micrometers","Glomeromycota",18245.781083427,"Azygospores"
"Scutellospora_dipurpurescens",NA,"Gigasporaceae","Diversisporales",152,197,197,240,152,197,197,240,"globose to subglobose",197,197,196,196,4003107.94179229,3942455.83042331,"Micrometers","Cubic micrometers","Glomeromycota",30480.5173232916,"Azygospores"
"Scutellospora_gilmorei","Gigaspora_gilmorei Cetraspora_gilmorei","","Diversisporales",204,204,320,320,204,204,320,320,"globose to subglobose to ellipsoidal",262,262,262,262,9416781.56026844,9416781.56026844,"Micrometers","Cubic micrometers","Glomeromycota",53912.8715282544,"Azygospores"
"Scutellospora_hawaiiensis","Dentiscutata_hawaiiensis","","Diversisporales",200,240,240,360,180,230,230,290,"globose to irregular",230,240,235,280,6647610.054996,8096407.86707649,"Micrometers","Cubic micrometers","Glomeromycota",43353.9786195391,"Azygospores"
"Scutellospora_nigra","Gigaspora_nigra Dentiscutata_nigra","","Diversisporales",297,297,500,1050,297,297,500,1050,"globose",398.5,398.5,673.5,673.5,33134742.4694086,159960009.954265,"Micrometers","Cubic micrometers","Glomeromycota",124722.995493382,"Azygospores"
"Scutellospora_nodosa","Scutellispora_nodosa","Gigasporaceae","Diversisporales",160,243,243,270,160,243,243,270,"globose to subglobose",243,243,215,215,7513070.13637386,5203720.98143674,"Micrometers","Cubic micrometers","Glomeromycota",46376.9761504559,"Azygospores"
"Scutellospora_pellucida","Gigaspora_pellucida Cetraspora_pellucida","","Diversisporales",130,130,155,155,160,160,235,235,"globose to subglobose",142.5,197.5,142.5,197.5,2099884.70830611,2099884.70830611,"Micrometers","Cubic micrometers","Glomeromycota",22104.0495611169,"Azygospores"
"Scutellospora_pernambucana","Orbispora_pernambucana","","Diversisporales",110,110,145,145,110,110,145,145,"globose to subglobose",127.5,127.5,127.5,127.5,1085248.45596703,1085248.45596703,"Micrometers","Cubic micrometers","Glomeromycota",12767.6288937298,"Azygospores"
"Scutellospora_projecturata","Orbispora_projecturata","Gigasporaceae","Diversisporales",102,102,174,174,108,108,181,181,"globose to subglobose",138,144.5,138,144.5,1440869.47942038,1440869.47942038,"Micrometers","Cubic micrometers","Glomeromycota",15661.6247763085,"Azygospores"
"Scutellospora_reticulata","Gigaspora_reticulata Dentiscutata_reticulata","","Diversisporales",208,208,470,470,188,188,340,340,"globose to subglobose",264,339,264,339,12371038.9495296,12371038.9495296,"Micrometers","Cubic micrometers","Glomeromycota",70289.994031418,"Azygospores"
"Scutellospora_rubra","Fuscutata_rubra","","Diversisporales",140,140,220,220,140,140,220,220,"globose to subglobose",180,180,180,180,3053628.05928928,3053628.05928928,"Micrometers","Cubic micrometers","Glomeromycota",25446.9004940773,"Azygospores"
"Scutellospora_savannicola","Gigaspora_savannicola Fuscutata_savannicola","","Diversisporales",288,288,581,581,288,214,364,581,"ellipsoid to irregular",289,434.5,434.5,434.5,19001333.8548159,42950474.3571576,"Micrometers","Cubic micrometers","Glomeromycota",98622.8400768993,"Azygospores"
"Scutellospora_scutata","Dentiscutata_scutata","","Diversisporales",350,532,532,667,350,530,530,713,"globose to subglobose",530,532,508.5,531.5,78245972.7068791,71958782.3272151,"Micrometers","Cubic micrometers","Glomeromycota",221450.866151545,"Azygospores"
"Scutellospora_spinosissima","Cetraspora_spinosissima","","Diversisporales",130,130,228,228,121,121,208,230,"globose to subglobose to ellipsoidal",164.5,179,175.5,179,2536199.76436171,2886728.20067375,"Micrometers","Cubic micrometers","Glomeromycota",23126.4416203196,"Azygospores"
"Scutellospora_striata","Cetraspora_striata","","Diversisporales",130,130,184,184,116,116,152,152,"globose to subglobose",134,157,134,157,1476073.11949896,1476073.11949896,"Micrometers","Cubic micrometers","Glomeromycota",16523.2065615555,"Azygospores"
"Scutellospora_tricalypta","Gigaspora_tricalypta","","Diversisporales",303,303,387,387,303,303,387,387,"globose",345,345,345,345,21500863.7716277,21500863.7716277,"Micrometers","Cubic micrometers","Glomeromycota",93482.0163983813,"Azygospores"
"Septoglomus_altomontanum","","Glomeraceae","Diversisporales",137,137,175,208,125,125,170,204,"ovoid to elliptical",147.5,156,164.5,172.5,1777081.15441124,2444103.12487372,"Micrometers","Cubic micrometers","Glomeromycota",18072.0117397753,"Azygospores"
"Septoglomus_constrictum","Glomus_constrictum Funneliformis_constrictus","Glomeraceae","Glomerales",150,150,330,330,150,150,330,330,"globose to subglobose",240,240,240,240,7238229.47387088,7238229.47387088,"Micrometers","Cubic micrometers","Glomeromycota",45238.934211693,"Azygospores"
"Septoglomus_furcatum","","Glomeraceae","Glomerales",106,138,138,167,106,138,138,167,"globose to subglobose",138,138,136.5,136.5,1376055.28138417,1331669.87862655,"Micrometers","Cubic micrometers","Glomeromycota",14957.122623741,"Azygospores"
"Septoglomus_fuscum","","Glomeraceae","Glomerales",20,47,47,90,20,47,47,90,"globose to subglobose",47,47,55,55,54361.5956789422,87113.746290167,"Micrometers","Cubic micrometers","Glomeromycota",1734.94454294496,"Azygospores"
"Septoglomus_jasnowskae","","Glomeraceae","Glomerales",39,59,59,98,39,59,59,98,"globose to subglobose",59,59,68.5,68.5,107536.192933603,168294.660303877,"Micrometers","Cubic micrometers","Glomeromycota",2733.97100678652,"Azygospores"
"Septoglomus_nakheelum","","Glomeraceae","Glomerales",25,52,52,70,25,52,52,70,"globose to subglobose",52,52,47.5,47.5,73622.1766393256,56115.0625285739,"Micrometers","Cubic micrometers","Glomeromycota",2123.7166338267,"Azygospores"
"Septoglomus_titan","","Glomeraceae","Glomerales",243,265,375,400,243,265,375,400,"globose to subglobose",320,320,321.5,321.5,17157284.6788051,17399691.7351019,"Micrometers","Cubic micrometers","Glomeromycota",80424.7719318987,"Azygospores"
"Septoglomus_turnauae","","Glomeraceae","Glomerales",110,133,133,165,110,133,133,165,"globose to sublglobose",133,133,137.5,137.5,1231837.85262725,1361152.28578386,"Micrometers","Cubic micrometers","Glomeromycota",13892.9081123375,"Azygospores"
"Septoglomus_viscosum","Glomus_viscosum Viscospora_viscosa","Glomeraceae","Glomerales",44,44,97,97,46,46,94,94,"globose to subglobose",70,70.5,70,70.5,180877.197030432,180877.197030432,"Micrometers","Cubic micrometers","Glomeromycota",3875.93993636641,"Azygospores"
