"Species_names","spore_length","spore_width","SporeArea","spore_type","Phylum","Source"
"Agaricus_arvensis",7.5,5,98.174770424681,"Basidiospores","Basidiomycota","Bassler_etal_2015"
"Agaricus_augustus",8.5,5.5,134.630335175713,"Basidiospores","Basidiomycota","Bassler_etal_2015"
"Agaricus_bisporus",6,4.8,72.3822947387088,"Basidiospores","Basidiomycota","Bassler_etal_2015"
"Agaricus_bitorquis",5.7,4.9,71.6581576320564,"Basidiospores","Basidiomycota","Bassler_etal_2015"
"Agaricus_campestris",7.5,5.3,110.309172049172,"Basidiospores","Basidiomycota","Bassler_etal_2015"
"Agaricus_essettei",7,4.5,74.2201264410589,"Basidiospores","Basidiomycota","Bassler_etal_2015"
"Agaricus_langei",8,5,104.71975511966,"Basidiospores","Basidiomycota","Bassler_etal_2015"
"Agaricus_silvicola",5.5,3.5,35.2774675059354,"Basidiospores","Basidiomycota","Bassler_etal_2015"
"Agaricus_sylvaticus",5.3,3.8,40.072061494089,"Basidiospores","Basidiomycota","Bassler_etal_2015"
"Agaricus_xanthodermus",5.5,4.5,58.3158136322605,"Basidiospores","Basidiomycota","Bassler_etal_2015"
"Agaricus_cylindrica",10,5.8,176.138628111268,"Basidiospores","Basidiomycota","Bassler_etal_2015"
"Agaricus_erebia",13,6.8,314.745695987649,"Basidiospores","Basidiomycota","Bassler_etal_2015"
"Agaricus_praecox",9,6,169.646003293849,"Basidiospores","Basidiomycota","Bassler_etal_2015"
"Amanita_battarrae",12.5,11.7,895.942954895639,"Basidiospores","Basidiomycota","Bassler_etal_2015"
"Amanita_citrina",9,8,301.59289474462,"Basidiospores","Basidiomycota","Bassler_etal_2015"
"Amanita_crocea",10.8,9.8,543.093405211375,"Basidiospores","Basidiomycota","Bassler_etal_2015"
"Amanita_excelsa",8.5,7,218.078890036691,"Basidiospores","Basidiomycota","Bassler_etal_2015"
"Amanita_fulva",10.5,10.5,606.131032601981,"Basidiospores","Basidiomycota","Bassler_etal_2015"
"Amanita_gemmata",10,7.5,294.524311274043,"Basidiospores","Basidiomycota","Bassler_etal_2015"
"Amanita_muscaria",9,6.5,199.098434421253,"Basidiospores","Basidiomycota","Bassler_etal_2015"
"Amanita_pachyvolvata",11.3,11.3,755.499102514459,"Basidiospores","Basidiomycota","Bassler_etal_2015"
"Amanita_pantherina",11,8,368.613538021202,"Basidiospores","Basidiomycota","Bassler_etal_2015"
"Amanita_phalloides",8.3,6.8,200.953021284422,"Basidiospores","Basidiomycota","Bassler_etal_2015"
"Amanita_rubescens",8.5,6.5,188.037410286739,"Basidiospores","Basidiomycota","Bassler_etal_2015"
"Amanita_strobiliformis",11.8,7.8,375.897844187326,"Basidiospores","Basidiomycota","Bassler_etal_2015"
"Amanita_submembranacea",12,12,904.77868423386,"Basidiospores","Basidiomycota","Bassler_etal_2015"
"Amanita_vaginata",10.7,9.2,474.196183923048,"Basidiospores","Basidiomycota","Bassler_etal_2015"
"Amanita_virosa",7.5,7.5,220.893233455532,"Basidiospores","Basidiomycota","Bassler_etal_2015"
"Ampulloclitocybe_clavipes",7.8,4.5,82.7024266057513,"Basidiospores","Basidiomycota","Bassler_etal_2015"
"Armillaria_borealis",8,5,104.71975511966,"Basidiospores","Basidiomycota","Bassler_etal_2015"
"Armillaria_mellea",8,5.5,126.710903694788,"Basidiospores","Basidiomycota","Bassler_etal_2015"
"Armillaria_ostoyae",9,5.5,142.549766656637,"Basidiospores","Basidiomycota","Bassler_etal_2015"
"Arrhenia_acerosa",7.8,5.3,114.721538931138,"Basidiospores","Basidiomycota","Bassler_etal_2015"
"Arrhenia_auriscalpium",8.8,5.3,129.429428537695,"Basidiospores","Basidiomycota","Bassler_etal_2015"
"Arrhenia_gerardiana",11,4.3,106.494754968938,"Basidiospores","Basidiomycota","Bassler_etal_2015"
"Arrhenia_rickenii",7.8,4.5,82.7024266057513,"Basidiospores","Basidiomycota","Bassler_etal_2015"
"Baeospora_myosura",3.8,1.8,6.44654812516626,"Basidiospores","Basidiomycota","Bassler_etal_2015"
"Baeospora_myriadophylla",4.3,2.5,14.0717170942043,"Basidiospores","Basidiomycota","Bassler_etal_2015"
"Boletus_reticulatus",12,8,402.123859659494,"Basidiospores","Basidiomycota","Bassler_etal_2015"
"Boletus_titubans",12.3,7.3,343.20171864509,"Basidiospores","Basidiomycota","Bassler_etal_2015"
"Calocybe_gambosa",4,2.8,16.4200576027627,"Basidiospores","Basidiomycota","Bassler_etal_2015"
"Cantharellula_umbonata",9.5,3.5,60.933807510252,"Basidiospores","Basidiomycota","Bassler_etal_2015"
"Catathelasma_imperiale",12.5,5.8,220.173285139085,"Basidiospores","Basidiomycota","Bassler_etal_2015"
"Chlorophyllum_olivieri",9.5,6.3,197.425536333217,"Basidiospores","Basidiomycota","Bassler_etal_2015"
"Chlorophyllum_rhacodes",10.8,6.8,261.481039743586,"Basidiospores","Basidiomycota","Bassler_etal_2015"
"Chroogomphus_rutilus",18.5,6.3,384.460254964685,"Basidiospores","Basidiomycota","Bassler_etal_2015"
"Clitocybe_candicans",5.8,3,27.3318560862312,"Basidiospores","Basidiomycota","Bassler_etal_2015"
"Clitocybe_ditopus",3.5,2.5,11.4537232162128,"Basidiospores","Basidiomycota","Bassler_etal_2015"
"Clitocybe_foetens",6,4,50.2654824574367,"Basidiospores","Basidiomycota","Bassler_etal_2015"
"Clitocybe_fragrans",7.8,4.3,75.5144626143378,"Basidiospores","Basidiomycota","Bassler_etal_2015"
"Clitocybe_inornata",9.3,3.5,59.6509905100362,"Basidiospores","Basidiomycota","Bassler_etal_2015"
"Clitocybe_metachroa",7,4.3,67.7693895256878,"Basidiospores","Basidiomycota","Bassler_etal_2015"
"Clitocybe_nebularis",7.3,3.8,55.1935941333679,"Basidiospores","Basidiomycota","Bassler_etal_2015"
"Clitocybe_odora",7.3,4.8,88.0651252654291,"Basidiospores","Basidiomycota","Bassler_etal_2015"
"Clitocybe_phyllophila",4.8,3.5,30.78760800518,"Basidiospores","Basidiomycota","Bassler_etal_2015"
"Clitocybe_prunulus",10.5,5,137.444678594553,"Basidiospores","Basidiomycota","Bassler_etal_2015"
"Clitocybe_rivulosa",5.3,3.5,33.9946505057196,"Basidiospores","Basidiomycota","Bassler_etal_2015"
"Clitocybe_sinopica",8.8,5.5,139.381994064267,"Basidiospores","Basidiomycota","Bassler_etal_2015"
"Clitocybe_vibecina",5.8,4,48.5899663755221,"Basidiospores","Basidiomycota","Bassler_etal_2015"
"Collybia_cookei",5.3,3.3,30.220550531207,"Basidiospores","Basidiomycota","Bassler_etal_2015"
"Collybia_tuberosa",5.5,3,25.9181393921158,"Basidiospores","Basidiomycota","Bassler_etal_2015"
"Conocybe_albipes",13,8.5,491.790149980702,"Basidiospores","Basidiomycota","Bassler_etal_2015"
"Conocybe_aurea",11.3,6.5,249.979145440018,"Basidiospores","Basidiomycota","Bassler_etal_2015"
"Conocybe_brunnea",7.3,4.3,70.6737919339316,"Basidiospores","Basidiomycota","Bassler_etal_2015"
"Conocybe_fuscimarginata",11,6.8,266.323281220319,"Basidiospores","Basidiomycota","Bassler_etal_2015"
"Conocybe_macrocephala",9.3,5.3,136.783373340973,"Basidiospores","Basidiomycota","Bassler_etal_2015"
"Conocybe_macrospora",17.3,9.3,783.448805155896,"Basidiospores","Basidiomycota","Bassler_etal_2015"
"Conocybe_moseri",10,6,188.495559215388,"Basidiospores","Basidiomycota","Bassler_etal_2015"
"Conocybe_pilosella",7.5,4.3,72.6100602060941,"Basidiospores","Basidiomycota","Bassler_etal_2015"
"Conocybe_pubescens",16,9.3,724.57692962395,"Basidiospores","Basidiomycota","Bassler_etal_2015"
"Conocybe_rickeniana",8.8,4.8,106.160698950106,"Basidiospores","Basidiomycota","Bassler_etal_2015"
"Conocybe_semiglobata",12.5,7.3,348.782234395417,"Basidiospores","Basidiomycota","Bassler_etal_2015"
"Conocybe_subovalis",11.5,7,295.047910049641,"Basidiospores","Basidiomycota","Bassler_etal_2015"
"Conocybe_subpubescens",12.5,7,320.704250053958,"Basidiospores","Basidiomycota","Bassler_etal_2015"
"Coprinus_angulatus",9,6.3,187.034718631468,"Basidiospores","Basidiomycota","Bassler_etal_2015"
"Coprinus_atramentaria",9.5,5.5,150.469198137561,"Basidiospores","Basidiomycota","Bassler_etal_2015"
"Coprinus_bisporus",12,5.7,204.140690630265,"Basidiospores","Basidiomycota","Bassler_etal_2015"
"Coprinus_cinerea",10.3,7,264.260302044461,"Basidiospores","Basidiomycota","Bassler_etal_2015"
"Coprinus_comatus",11.5,7.3,320.879655643784,"Basidiospores","Basidiomycota","Bassler_etal_2015"
"Coprinus_cordisporus",9.3,7.2,252.433252901247,"Basidiospores","Basidiomycota","Bassler_etal_2015"
"Coprinus_disseminatus",8.8,5.1,119.845476549143,"Basidiospores","Basidiomycota","Bassler_etal_2015"
"Coprinus_domesticus",7.5,4.6,83.09512568745,"Basidiospores","Basidiomycota","Bassler_etal_2015"
"Coprinus_echinospora",10.3,7,264.260302044461,"Basidiospores","Basidiomycota","Bassler_etal_2015"
"Coprinus_flocculosus",13,8.3,468.919355462569,"Basidiospores","Basidiomycota","Bassler_etal_2015"
"Coprinus_heterothrix",9.3,5.5,147.301425545191,"Basidiospores","Basidiomycota","Bassler_etal_2015"
"Coprinus_impatiens",11.5,6.8,278.428884912151,"Basidiospores","Basidiomycota","Bassler_etal_2015"
"Coprinus_laanii",10.8,5.5,171.059719987964,"Basidiospores","Basidiomycota","Bassler_etal_2015"
"Coprinus_lagopus",12,7.3,334.8309450196,"Basidiospores","Basidiomycota","Bassler_etal_2015"
"Coprinus_macrocephala",14.5,9,614.966761940202,"Basidiospores","Basidiomycota","Bassler_etal_2015"
"Coprinus_marculentus",12,7.2,325.72032632419,"Basidiospores","Basidiomycota","Bassler_etal_2015"
"Coprinus_martinii",15,8,502.654824574367,"Basidiospores","Basidiomycota","Bassler_etal_2015"
"Coprinus_micaceus",8.8,5.1,119.845476549143,"Basidiospores","Basidiomycota","Bassler_etal_2015"
"Coprinus_nivea",15.5,10.8,946.624698379677,"Basidiospores","Basidiomycota","Bassler_etal_2015"
"Coprinus_picacea",16.5,11.3,1103.16240632642,"Basidiospores","Basidiomycota","Bassler_etal_2015"
"Coprinus_radiata",14.3,8,479.197599427563,"Basidiospores","Basidiomycota","Bassler_etal_2015"
"Coprinus_semitalis",12,6.2,241.525643207983,"Basidiospores","Basidiomycota","Bassler_etal_2015"
"Coprinus_stercorea",7,4,58.6430628670095,"Basidiospores","Basidiomycota","Bassler_etal_2015"
"Coprinus_tigrinella",8,6,150.79644737231,"Basidiospores","Basidiomycota","Bassler_etal_2015"
"Coprinus_xanthothrix",8.6,5.3,126.487850616383,"Basidiospores","Basidiomycota","Bassler_etal_2015"
"Cortinarius_acutus",8.5,5,111.264739814639,"Basidiospores","Basidiomycota","Bassler_etal_2015"
"Cortinarius_albonigrellus",8.5,4.5,90.1244392498572,"Basidiospores","Basidiomycota","Bassler_etal_2015"
"Cortinarius_alborufescens",7.5,4.3,72.6100602060941,"Basidiospores","Basidiomycota","Bassler_etal_2015"
"Cortinarius_albovariegatus",8,5.3,117.66311685245,"Basidiospores","Basidiomycota","Bassler_etal_2015"
"Cortinarius_alboviolaceus",9.3,6.3,193.269209252517,"Basidiospores","Basidiomycota","Bassler_etal_2015"
"Cortinarius_alcalinophilus",10.8,6,203.575203952619,"Basidiospores","Basidiomycota","Bassler_etal_2015"
"Cortinarius_alnetorum",9.8,5.3,144.137318144251,"Basidiospores","Basidiomycota","Bassler_etal_2015"
"Cortinarius_alpinus",12.8,7.8,407.753593694726,"Basidiospores","Basidiomycota","Bassler_etal_2015"
"Cortinarius_anglesianus",7.8,5,102.101761241668,"Basidiospores","Basidiomycota","Bassler_etal_2015"
"Cortinarius_anomalus",8,6.5,176.976386152225,"Basidiospores","Basidiomycota","Bassler_etal_2015"
"Cortinarius_anthracinus",9,5.5,142.549766656637,"Basidiospores","Basidiomycota","Bassler_etal_2015"
"Cortinarius_argutus",10,5.8,176.138628111268,"Basidiospores","Basidiomycota","Bassler_etal_2015"
"Cortinarius_armeniacus",8.5,5.3,125.017061655728,"Basidiospores","Basidiomycota","Bassler_etal_2015"
"Cortinarius_armillatus",11,6.5,243.342530959309,"Basidiospores","Basidiomycota","Bassler_etal_2015"
"Cortinarius_balteatus",10,5.8,176.138628111268,"Basidiospores","Basidiomycota","Bassler_etal_2015"
"Cortinarius_bataillei",8.5,5,111.264739814639,"Basidiospores","Basidiomycota","Bassler_etal_2015"
"Cortinarius_betulinus",9,7.5,265.071880146639,"Basidiospores","Basidiomycota","Bassler_etal_2015"
"Cortinarius_biformis",7.8,4.8,94.0969831603215,"Basidiospores","Basidiomycota","Bassler_etal_2015"
"Cortinarius_bivelus",9,5.8,158.524765300141,"Basidiospores","Basidiomycota","Bassler_etal_2015"
"Cortinarius_bolaris",7,5.3,102.955227245894,"Basidiospores","Basidiomycota","Bassler_etal_2015"
"Cortinarius_brunneus",8.6,6.5,190.249615113642,"Basidiospores","Basidiomycota","Bassler_etal_2015"
"Cortinarius_bulliardii",9.5,5.8,167.331696705704,"Basidiospores","Basidiomycota","Bassler_etal_2015"
"Cortinarius_caerulescens",9.3,5.3,136.783373340973,"Basidiospores","Basidiomycota","Bassler_etal_2015"
"Cortinarius_calochrous",9.5,5.5,150.469198137561,"Basidiospores","Basidiomycota","Bassler_etal_2015"
"Cortinarius_camphoratus",10,6.3,207.816354034965,"Basidiospores","Basidiomycota","Bassler_etal_2015"
"Cortinarius_casimiri",10.8,6.5,238.918121305504,"Basidiospores","Basidiomycota","Bassler_etal_2015"
"Cortinarius_cinnabarinus",8,5,104.71975511966,"Basidiospores","Basidiomycota","Bassler_etal_2015"
"Cortinarius_cinnamomeoluteus",9,5.8,158.524765300141,"Basidiospores","Basidiomycota","Bassler_etal_2015"
"Cortinarius_cinnamomeus",7.3,4.5,77.4009890028185,"Basidiospores","Basidiomycota","Bassler_etal_2015"
"Cortinarius_cinnamoviolaceus",7.3,4.5,77.4009890028185,"Basidiospores","Basidiomycota","Bassler_etal_2015"
"Cortinarius_claricolor",7.8,4.3,75.5144626143378,"Basidiospores","Basidiomycota","Bassler_etal_2015"
"Cortinarius_cotoneus",9,7.8,286.701745566604,"Basidiospores","Basidiomycota","Bassler_etal_2015"
"Cortinarius_crassus",8,4,67.0206432765822,"Basidiospores","Basidiomycota","Bassler_etal_2015"
"Cortinarius_croceus",8.6,4.8,103.747955792149,"Basidiospores","Basidiomycota","Bassler_etal_2015"
"Cortinarius_cumatilis",11,5.5,174.227492580334,"Basidiospores","Basidiomycota","Bassler_etal_2015"
"Cortinarius_cyanites",9.5,6,179.070781254618,"Basidiospores","Basidiomycota","Bassler_etal_2015"
"Cortinarius_decipiens",9.3,5.5,147.301425545191,"Basidiospores","Basidiomycota","Bassler_etal_2015"
"Cortinarius_delibutus",8,7,205.250720034533,"Basidiospores","Basidiomycota","Bassler_etal_2015"
"Cortinarius_depressus",7,3.8,52.9253642374761,"Basidiospores","Basidiomycota","Bassler_etal_2015"
"Cortinarius_dionysae",9.5,5.5,150.469198137561,"Basidiospores","Basidiomycota","Bassler_etal_2015"
"Cortinarius_elatior",12.5,7.8,398.196868842506,"Basidiospores","Basidiomycota","Bassler_etal_2015"
"Cortinarius_elegantior",13.8,8.3,497.775931183342,"Basidiospores","Basidiomycota","Bassler_etal_2015"
"Cortinarius_elegantissimus",13.8,8.8,559.555350716185,"Basidiospores","Basidiomycota","Bassler_etal_2015"
"Cortinarius_evernius",10.3,6,194.150425991849,"Basidiospores","Basidiomycota","Bassler_etal_2015"
"Cortinarius_fasciatus",10.3,5.8,181.422786954606,"Basidiospores","Basidiomycota","Bassler_etal_2015"
"Cortinarius_flexipes",8.5,5.5,134.630335175713,"Basidiospores","Basidiomycota","Bassler_etal_2015"
"Cortinarius_flos-paludis",8,5.5,126.710903694788,"Basidiospores","Basidiomycota","Bassler_etal_2015"
"Cortinarius_fulvescens",9,5,117.809724509617,"Basidiospores","Basidiomycota","Bassler_etal_2015"
"Cortinarius_galeobdolon",6.8,4.3,65.8331212535253,"Basidiospores","Basidiomycota","Bassler_etal_2015"
"Cortinarius_gentilis",8.3,6.5,183.613000632933,"Basidiospores","Basidiomycota","Bassler_etal_2015"
"Cortinarius_glandicolor",9.3,6.3,193.269209252517,"Basidiospores","Basidiomycota","Bassler_etal_2015"
"Cortinarius_glaucopus",7.8,5,102.101761241668,"Basidiospores","Basidiomycota","Bassler_etal_2015"
"Cortinarius_helobius",8.8,4.5,93.3053018116169,"Basidiospores","Basidiomycota","Bassler_etal_2015"
"Cortinarius_hinnuleus",7.8,5.8,137.388129926789,"Basidiospores","Basidiomycota","Bassler_etal_2015"
"Cortinarius_huronensis",9.3,5.3,136.783373340973,"Basidiospores","Basidiomycota","Bassler_etal_2015"
"Cortinarius_illuminus",6.5,5.8,114.490108272324,"Basidiospores","Basidiomycota","Bassler_etal_2015"
"Cortinarius_infractus",7.8,6,147.026536188002,"Basidiospores","Basidiomycota","Bassler_etal_2015"
"Cortinarius_inops",8,5.8,140.910902489014,"Basidiospores","Basidiomycota","Bassler_etal_2015"
"Cortinarius_ionophyllus",10.8,6.8,261.481039743586,"Basidiospores","Basidiomycota","Bassler_etal_2015"
"Cortinarius_laniger",10.8,6.3,224.441662357762,"Basidiospores","Basidiomycota","Bassler_etal_2015"
"Cortinarius_largus",10.8,6,203.575203952619,"Basidiospores","Basidiomycota","Bassler_etal_2015"
"Cortinarius_limonius",8,6.3,166.253083227972,"Basidiospores","Basidiomycota","Bassler_etal_2015"
"Cortinarius_malachius",10.5,6.5,232.281506824795,"Basidiospores","Basidiomycota","Bassler_etal_2015"
"Cortinarius_malicorius",6.3,4,52.7787565803085,"Basidiospores","Basidiomycota","Bassler_etal_2015"
"Cortinarius_mucosus",12.8,6.3,266.004933164755,"Basidiospores","Basidiomycota","Bassler_etal_2015"
"Cortinarius_multiformis",8.6,5.3,126.487850616383,"Basidiospores","Basidiomycota","Bassler_etal_2015"
"Cortinarius_mussivus",11.3,7,289.916642048778,"Basidiospores","Basidiomycota","Bassler_etal_2015"
"Cortinarius_nanceiensis",11,6.5,243.342530959309,"Basidiospores","Basidiomycota","Bassler_etal_2015"
"Cortinarius_obtusus",8.5,4.8,102.541584213171,"Basidiospores","Basidiomycota","Bassler_etal_2015"
"Cortinarius_odorifer",11.3,7,289.916642048778,"Basidiospores","Basidiomycota","Bassler_etal_2015"
"Cortinarius_olidus",10,6,188.495559215388,"Basidiospores","Basidiomycota","Bassler_etal_2015"
"Cortinarius_orellanus",9.5,6.3,197.425536333217,"Basidiospores","Basidiomycota","Bassler_etal_2015"
"Cortinarius_oreobius",10.3,6,194.150425991849,"Basidiospores","Basidiomycota","Bassler_etal_2015"
"Cortinarius_papulosus",8.8,5,115.191730631626,"Basidiospores","Basidiomycota","Bassler_etal_2015"
"Cortinarius_percomis",11.8,6.5,261.040169574532,"Basidiospores","Basidiomycota","Bassler_etal_2015"
"Cortinarius_phoeniceus",7,6.8,169.478451685657,"Basidiospores","Basidiomycota","Bassler_etal_2015"
"Cortinarius_pluvius",6.5,4.8,78.4141526336012,"Basidiospores","Basidiomycota","Bassler_etal_2015"
"Cortinarius_porphyropus",8.8,5.5,139.381994064267,"Basidiospores","Basidiomycota","Bassler_etal_2015"
"Cortinarius_praestans",15.5,9,657.378262763664,"Basidiospores","Basidiomycota","Bassler_etal_2015"
"Cortinarius_purpurascens",8.5,5.5,134.630335175713,"Basidiospores","Basidiomycota","Bassler_etal_2015"
"Cortinarius_renidens",6.5,5.3,95.6012824426154,"Basidiospores","Basidiomycota","Bassler_etal_2015"
"Cortinarius_rubellus",9.8,7.5,288.633825048562,"Basidiospores","Basidiomycota","Bassler_etal_2015"
"Cortinarius_rubicundulus",8,4.3,77.4507308865004,"Basidiospores","Basidiomycota","Bassler_etal_2015"
"Cortinarius_rufoolivaceus",11.8,7,302.744812050936,"Basidiospores","Basidiomycota","Bassler_etal_2015"
"Cortinarius_saginus",9,5.5,142.549766656637,"Basidiospores","Basidiomycota","Bassler_etal_2015"
"Cortinarius_salor",8.6,7.3,239.962177264047,"Basidiospores","Basidiomycota","Bassler_etal_2015"
"Cortinarius_sanguineus",7.5,5.3,110.309172049172,"Basidiospores","Basidiomycota","Bassler_etal_2015"
"Cortinarius_saniosus",9.3,5.8,163.808924143479,"Basidiospores","Basidiomycota","Bassler_etal_2015"
"Cortinarius_scaurus",10,6.5,221.220482690281,"Basidiospores","Basidiomycota","Bassler_etal_2015"
"Cortinarius_scutulatus",10,5.7,170.117242191887,"Basidiospores","Basidiomycota","Bassler_etal_2015"
"Cortinarius_semisanguineus",6.5,4.3,62.9287188452815,"Basidiospores","Basidiomycota","Bassler_etal_2015"
"Cortinarius_sodagnitus",9.5,5.5,150.469198137561,"Basidiospores","Basidiomycota","Bassler_etal_2015"
"Cortinarius_solis-occasus",10,6.8,242.112073836653,"Basidiospores","Basidiomycota","Bassler_etal_2015"
"Cortinarius_sommerfeltii",7.5,4.5,79.5215640439916,"Basidiospores","Basidiomycota","Bassler_etal_2015"
"Cortinarius_spilomeus",7.5,6,141.371669411541,"Basidiospores","Basidiomycota","Bassler_etal_2015"
"Cortinarius_splendens",10.5,5.8,184.945559516831,"Basidiospores","Basidiomycota","Bassler_etal_2015"
"Cortinarius_stillatitius",14.5,8,485.899663755221,"Basidiospores","Basidiomycota","Bassler_etal_2015"
"Cortinarius_subporphyropus",11,6.3,228.597989438461,"Basidiospores","Basidiomycota","Bassler_etal_2015"
"Cortinarius_subtortus",8.3,6,156.451314148772,"Basidiospores","Basidiomycota","Bassler_etal_2015"
"Cortinarius_tortuosus",9.8,5.5,155.220857026116,"Basidiospores","Basidiomycota","Bassler_etal_2015"
"Cortinarius_torvus",10.8,6.5,238.918121305504,"Basidiospores","Basidiomycota","Bassler_etal_2015"
"Cortinarius_traganus",8.5,5.5,134.630335175713,"Basidiospores","Basidiomycota","Bassler_etal_2015"
"Cortinarius_transiens",8.8,7.3,245.542693014373,"Basidiospores","Basidiomycota","Bassler_etal_2015"
"Cortinarius_triumphans",11.5,6.5,254.403555093823,"Basidiospores","Basidiomycota","Bassler_etal_2015"
"Cortinarius_trivialis",11.5,6.8,278.428884912151,"Basidiospores","Basidiomycota","Bassler_etal_2015"
"Cortinarius_uliginosus",9.8,5.8,172.615855549042,"Basidiospores","Basidiomycota","Bassler_etal_2015"
"Cortinarius_umbrinolens",9,5.3,132.371006459006,"Basidiospores","Basidiomycota","Bassler_etal_2015"
"Cortinarius_variecolor",10.8,6,203.575203952619,"Basidiospores","Basidiomycota","Bassler_etal_2015"
"Cortinarius_varius",10.5,6,197.920337176157,"Basidiospores","Basidiomycota","Bassler_etal_2015"
"Cortinarius_venetus",7,5.8,123.297039677887,"Basidiospores","Basidiomycota","Bassler_etal_2015"
"Cortinarius_violaceus",12.5,7.8,398.196868842506,"Basidiospores","Basidiomycota","Bassler_etal_2015"
"Cystoderma_ambrosii",4.3,2.5,14.0717170942043,"Basidiospores","Basidiomycota","Bassler_etal_2015"
"Cystoderma_amianthinum",5.5,3.3,31.3609486644601,"Basidiospores","Basidiomycota","Bassler_etal_2015"
"Cystoderma_bucknallii",8,3,37.6991118430775,"Basidiospores","Basidiomycota","Bassler_etal_2015"
"Cystoderma_carcharias",4.8,3.5,30.78760800518,"Basidiospores","Basidiomycota","Bassler_etal_2015"
"Cystoderma_cinnabarina",4.5,2.3,12.4642688531175,"Basidiospores","Basidiomycota","Bassler_etal_2015"
"Cystoderma_granulosa",4.3,2.5,14.0717170942043,"Basidiospores","Basidiomycota","Bassler_etal_2015"
"Cystoderma_hetieri",5.3,2.5,17.3442094416936,"Basidiospores","Basidiomycota","Bassler_etal_2015"
"Cystoderma_jasonis",6.8,3.8,51.4132109735482,"Basidiospores","Basidiomycota","Bassler_etal_2015"
"Cystoderma_seminuda",4,2.3,11.07935009166,"Basidiospores","Basidiomycota","Bassler_etal_2015"
"Delicatula_integrella",7.8,4.5,82.7024266057513,"Basidiospores","Basidiomycota","Bassler_etal_2015"
"Dendrocollybia_racemosa",5.5,2.3,15.2341063760325,"Basidiospores","Basidiomycota","Bassler_etal_2015"
"Echinoderma_aspera",8,3,37.6991118430775,"Basidiospores","Basidiomycota","Bassler_etal_2015"
"Echinoderma_calcicola",5,3,23.5619449019235,"Basidiospores","Basidiomycota","Bassler_etal_2015"
"Echinoderma_carinii",4,2.5,13.0899693899575,"Basidiospores","Basidiomycota","Bassler_etal_2015"
"Entoloma_albotomentosum",10.8,7,277.08847204662,"Basidiospores","Basidiomycota","Bassler_etal_2015"
"Entoloma_allochroum",10.8,8.3,389.563772230442,"Basidiospores","Basidiomycota","Bassler_etal_2015"
"Entoloma_alpicola",9,8,301.59289474462,"Basidiospores","Basidiomycota","Bassler_etal_2015"
"Entoloma_ameides",10.3,7.5,303.360040612264,"Basidiospores","Basidiomycota","Bassler_etal_2015"
"Entoloma_aprile",10,8.5,378.300115369771,"Basidiospores","Basidiomycota","Bassler_etal_2015"
"Entoloma_araneosum",12,7.5,353.429173528852,"Basidiospores","Basidiomycota","Bassler_etal_2015"
"Entoloma_byssisedum",10.8,7.8,344.042094679925,"Basidiospores","Basidiomycota","Bassler_etal_2015"
"Entoloma_carneogriseum",10.8,7.8,344.042094679925,"Basidiospores","Basidiomycota","Bassler_etal_2015"
"Entoloma_cephalotrichum",10.3,6.5,227.85709717099,"Basidiospores","Basidiomycota","Bassler_etal_2015"
"Entoloma_clypeatum",10,8.8,405.474891823323,"Basidiospores","Basidiomycota","Bassler_etal_2015"
"Entoloma_cuspidiferum",11.5,10.3,638.808832187071,"Basidiospores","Basidiomycota","Bassler_etal_2015"
"Entoloma_dysthaloides",12,7.5,353.429173528852,"Basidiospores","Basidiomycota","Bassler_etal_2015"
"Entoloma_elodes",10.3,8,345.156312874399,"Basidiospores","Basidiomycota","Bassler_etal_2015"
"Entoloma_euchroum",10.3,7,264.260302044461,"Basidiospores","Basidiomycota","Bassler_etal_2015"
"Entoloma_farinogustus",11,8,368.613538021202,"Basidiospores","Basidiomycota","Bassler_etal_2015"
"Entoloma_favrei",10,8.5,378.300115369771,"Basidiospores","Basidiomycota","Bassler_etal_2015"
"Entoloma_hebes",10,6.8,242.112073836653,"Basidiospores","Basidiomycota","Bassler_etal_2015"
"Entoloma_hirtipes",12,9,508.938009881547,"Basidiospores","Basidiomycota","Bassler_etal_2015"
"Entoloma_hirtum",12.8,7.5,376.991118430775,"Basidiospores","Basidiomycota","Bassler_etal_2015"
"Entoloma_juniperinum",9.3,8.3,335.457692753991,"Basidiospores","Basidiomycota","Bassler_etal_2015"
"Entoloma_lepidissimum",9.3,7,238.603962040145,"Basidiospores","Basidiomycota","Bassler_etal_2015"
"Entoloma_lividoalbum",9,8.5,340.470103832794,"Basidiospores","Basidiomycota","Bassler_etal_2015"
"Entoloma_nitidum",7.8,6.8,188.84741759259,"Basidiospores","Basidiomycota","Bassler_etal_2015"
"Entoloma_rhodocalix",9,8,301.59289474462,"Basidiospores","Basidiomycota","Bassler_etal_2015"
"Entoloma_saundersii",11,11,696.909970321336,"Basidiospores","Basidiomycota","Bassler_etal_2015"
"Entoloma_sericatum",9.6,7.6,290.333426674154,"Basidiospores","Basidiomycota","Bassler_etal_2015"
"Entoloma_sinuatum",9.5,8.3,342.671836684185,"Basidiospores","Basidiomycota","Bassler_etal_2015"
"Entoloma_turbidum",7,6.5,154.854337883197,"Basidiospores","Basidiomycota","Bassler_etal_2015"
"Entoloma_venosum",9.3,7.3,259.49398239019,"Basidiospores","Basidiomycota","Bassler_etal_2015"
"Entoloma_vernum",10.5,8,351.858377202057,"Basidiospores","Basidiomycota","Bassler_etal_2015"
"Flammulaster_carpophilus",8.5,5.3,125.017061655728,"Basidiospores","Basidiomycota","Bassler_etal_2015"
"Flammulaster_granulosus",9,5,117.809724509617,"Basidiospores","Basidiomycota","Bassler_etal_2015"
"Flammulaster_velutipes",7.8,3.5,50.0298630084175,"Basidiospores","Basidiomycota","Bassler_etal_2015"
"Galerina_ampullaceocystis",10.5,6,197.920337176157,"Basidiospores","Basidiomycota","Bassler_etal_2015"
"Galerina_atkinsonia",11.5,8.3,414.813275986118,"Basidiospores","Basidiomycota","Bassler_etal_2015"
"Galerina_badipes",10.8,6.8,261.481039743586,"Basidiospores","Basidiomycota","Bassler_etal_2015"
"Galerina_calyptrata",11.3,6.3,234.83248005951,"Basidiospores","Basidiomycota","Bassler_etal_2015"
"Galerina_clavata",13,7.3,362.733523771233,"Basidiospores","Basidiomycota","Bassler_etal_2015"
"Galerina_graminea",8.3,4.5,88.0038642086841,"Basidiospores","Basidiomycota","Bassler_etal_2015"
"Galerina_marginata",9,5.5,142.549766656637,"Basidiospores","Basidiomycota","Bassler_etal_2015"
"Galerina_paludosa",10.8,6,203.575203952619,"Basidiospores","Basidiomycota","Bassler_etal_2015"
"Galerina_pruinatipes",10.8,6.8,261.481039743586,"Basidiospores","Basidiomycota","Bassler_etal_2015"
"Galerina_pseudomycenopsis",10.5,7.3,292.97707689215,"Basidiospores","Basidiomycota","Bassler_etal_2015"
"Galerina_pumila",10.5,5.3,154.43284086884,"Basidiospores","Basidiomycota","Bassler_etal_2015"
"Galerina_sphagnorum",10.3,5.5,163.14028850704,"Basidiospores","Basidiomycota","Bassler_etal_2015"
"Galerina_tibiicystis",9.8,6,184.72564803108,"Basidiospores","Basidiomycota","Bassler_etal_2015"
"Galerina_uncialis",8.5,5,111.264739814639,"Basidiospores","Basidiomycota","Bassler_etal_2015"
"Gomphidius_glutinosus",18.5,6,348.716784548467,"Basidiospores","Basidiomycota","Bassler_etal_2015"
"Gomphidius_roseus",18.5,5.3,272.09595772129,"Basidiospores","Basidiomycota","Bassler_etal_2015"
"Gymnopus_acervatus",6.6,3.8,49.9010577096203,"Basidiospores","Basidiomycota","Bassler_etal_2015"
"Gymnopus_androsaceus",7.8,4.3,75.5144626143378,"Basidiospores","Basidiomycota","Bassler_etal_2015"
"Gymnopus_confluens",7.3,3.5,46.8228205078779,"Basidiospores","Basidiomycota","Bassler_etal_2015"
"Gymnopus_dryophilus",5.5,3.3,31.3609486644601,"Basidiospores","Basidiomycota","Bassler_etal_2015"
"Gymnopus_foetidum",8,4,67.0206432765822,"Basidiospores","Basidiomycota","Bassler_etal_2015"
"Gymnopus_fulgens",9.9,6.8,239.690953098287,"Basidiospores","Basidiomycota","Bassler_etal_2015"
"Gymnopus_fuscopurpureus",7.3,3.5,46.8228205078779,"Basidiospores","Basidiomycota","Bassler_etal_2015"
"Gymnopus_fusipes",5.8,3.8,43.8524446539087,"Basidiospores","Basidiomycota","Bassler_etal_2015"
"Gymnopus_hariolorum",6.8,3.5,43.6157780073383,"Basidiospores","Basidiomycota","Bassler_etal_2015"
"Gymnopus_ocior",6.8,4,56.9675467850949,"Basidiospores","Basidiomycota","Bassler_etal_2015"
"Gymnopus_odini",7.3,4.5,77.4009890028185,"Basidiospores","Basidiomycota","Bassler_etal_2015"
"Gymnopus_penetrans",8,4.8,96.5097263182785,"Basidiospores","Basidiomycota","Bassler_etal_2015"
"Gymnopus_peronatus",9,3.5,57.7267650097124,"Basidiospores","Basidiomycota","Bassler_etal_2015"
"Gymnopus_sapineus",8.3,4.8,100.128841055214,"Basidiospores","Basidiomycota","Bassler_etal_2015"
"Gymnopus_vernus",7.5,4.5,79.5215640439916,"Basidiospores","Basidiomycota","Bassler_etal_2015"
"Hebeloma_cavipes",11,5.8,193.752490922395,"Basidiospores","Basidiomycota","Bassler_etal_2015"
"Hebeloma_circinans",10,5.5,158.388629618485,"Basidiospores","Basidiomycota","Bassler_etal_2015"
"Hebeloma_crustuliniforme",11,5.8,193.752490922395,"Basidiospores","Basidiomycota","Bassler_etal_2015"
"Hebeloma_gigaspermum",15,8,502.654824574367,"Basidiospores","Basidiomycota","Bassler_etal_2015"
"Hebeloma_incarnatulum",10.3,6,194.150425991849,"Basidiospores","Basidiomycota","Bassler_etal_2015"
"Hebeloma_mesophaeum",9.5,5.5,150.469198137561,"Basidiospores","Basidiomycota","Bassler_etal_2015"
"Hebeloma_pusillum",11.5,6,216.769893097696,"Basidiospores","Basidiomycota","Bassler_etal_2015"
"Hebeloma_radicosum",9,5,117.809724509617,"Basidiospores","Basidiomycota","Bassler_etal_2015"
"Hebeloma_sinapizans",11.5,7,295.047910049641,"Basidiospores","Basidiomycota","Bassler_etal_2015"
"Hebeloma_sordescens",10.3,6.3,214.050844656014,"Basidiospores","Basidiomycota","Bassler_etal_2015"
"Hebeloma_velutipes",10.8,6.3,224.441662357762,"Basidiospores","Basidiomycota","Bassler_etal_2015"
"Hemimycena_cephalotricha",7.3,4.8,88.0651252654291,"Basidiospores","Basidiomycota","Bassler_etal_2015"
"Hemimycena_crispula",8.3,4.8,100.128841055214,"Basidiospores","Basidiomycota","Bassler_etal_2015"
"Hemimycena_cucullata",12,4.3,116.176096329751,"Basidiospores","Basidiomycota","Bassler_etal_2015"
"Hemimycena_lactea",11,3.5,70.5549350118708,"Basidiospores","Basidiomycota","Bassler_etal_2015"
"Hemimycena_mairei",7,4,58.6430628670095,"Basidiospores","Basidiomycota","Bassler_etal_2015"
"Hemimycena_ochrogaleata",9.5,5,124.354709204596,"Basidiospores","Basidiomycota","Bassler_etal_2015"
"Hemimycena_pseudocrispula",9.9,4.8,119.43078631887,"Basidiospores","Basidiomycota","Bassler_etal_2015"
"Hemimycena_pseudolactea",7,3,32.9867228626928,"Basidiospores","Basidiomycota","Bassler_etal_2015"
"Hydropus_subalpinus",8.5,3.3,48.4669206632565,"Basidiospores","Basidiomycota","Bassler_etal_2015"
"Hygrophorus_agathosmus",9.5,5.5,150.469198137561,"Basidiospores","Basidiomycota","Bassler_etal_2015"
"Hygrophorus_asterospora",6.5,5.8,114.490108272324,"Basidiospores","Basidiomycota","Bassler_etal_2015"
"Hygrophorus_chrysodon",8,4,67.0206432765822,"Basidiospores","Basidiomycota","Bassler_etal_2015"
"Hygrophorus_discoxanthus",8.3,5.1,113.036074472488,"Basidiospores","Basidiomycota","Bassler_etal_2015"
"Hygrophorus_eburneus",8,4.8,96.5097263182785,"Basidiospores","Basidiomycota","Bassler_etal_2015"
"Hygrophorus_erubescens",9.5,4.5,100.727314455723,"Basidiospores","Basidiomycota","Bassler_etal_2015"
"Hygrophorus_heydrychii",8,5.3,117.66311685245,"Basidiospores","Basidiomycota","Bassler_etal_2015"
"Hygrophorus_hyacinthinus",9.3,5.3,136.783373340973,"Basidiospores","Basidiomycota","Bassler_etal_2015"
"Hygrophorus_hypothejus",8,4.5,84.8230016469244,"Basidiospores","Basidiomycota","Bassler_etal_2015"
"Hygrophorus_latitabundus",10.5,6,197.920337176157,"Basidiospores","Basidiomycota","Bassler_etal_2015"
"Hygrophorus_olida",4,2.8,16.4200576027627,"Basidiospores","Basidiomycota","Bassler_etal_2015"
"Hygrophorus_olivaceoalbus",13,7.8,414.124743596207,"Basidiospores","Basidiomycota","Bassler_etal_2015"
"Hygrophorus_penarius",7.5,4.5,79.5215640439916,"Basidiospores","Basidiomycota","Bassler_etal_2015"
"Hygrophorus_piceae",8,5,104.71975511966,"Basidiospores","Basidiomycota","Bassler_etal_2015"
"Hygrophorus_pustulatus",8.5,4.8,102.541584213171,"Basidiospores","Basidiomycota","Bassler_etal_2015"
"Hygrophorus_queletii",9,4.5,95.42587685279,"Basidiospores","Basidiomycota","Bassler_etal_2015"
"Hypholoma_capnoides",8,4.5,84.8230016469244,"Basidiospores","Basidiomycota","Bassler_etal_2015"
"Hypholoma_elongatum",10.4,6.3,216.129008196363,"Basidiospores","Basidiomycota","Bassler_etal_2015"
"Hypholoma_fasciculare",7,4.3,67.7693895256878,"Basidiospores","Basidiomycota","Bassler_etal_2015"
"Hypholoma_lateritium",7,3.8,52.9253642374761,"Basidiospores","Basidiomycota","Bassler_etal_2015"
"Hypholoma_marginatum",8,4.5,84.8230016469244,"Basidiospores","Basidiomycota","Bassler_etal_2015"
"Hypholoma_polytrichi",8,4.5,84.8230016469244,"Basidiospores","Basidiomycota","Bassler_etal_2015"
"Hypholoma_radicosum",6.3,3.5,40.4087355067987,"Basidiospores","Basidiomycota","Bassler_etal_2015"
"Hypholoma_subericaeum",8,4.5,84.8230016469244,"Basidiospores","Basidiomycota","Bassler_etal_2015"
"Infundibulicybe_bresadolana",6.8,3.5,43.6157780073383,"Basidiospores","Basidiomycota","Bassler_etal_2015"
"Infundibulicybe_costata",7,4,58.6430628670095,"Basidiospores","Basidiomycota","Bassler_etal_2015"
"Infundibulicybe_geotropa",8.5,6.5,188.037410286739,"Basidiospores","Basidiomycota","Bassler_etal_2015"
"Infundibulicybe_gibba",6.8,4.3,65.8331212535253,"Basidiospores","Basidiomycota","Bassler_etal_2015"
"Inocybe_acuta",10,6.3,207.816354034965,"Basidiospores","Basidiomycota","Bassler_etal_2015"
"Inocybe_amblyspora",8.5,5,111.264739814639,"Basidiospores","Basidiomycota","Bassler_etal_2015"
"Inocybe_amethystina",9.5,5.5,150.469198137561,"Basidiospores","Basidiomycota","Bassler_etal_2015"
"Inocybe_appendiculata",10,5.5,158.388629618485,"Basidiospores","Basidiomycota","Bassler_etal_2015"
"Inocybe_assimilata",8,6,150.79644737231,"Basidiospores","Basidiomycota","Bassler_etal_2015"
"Inocybe_asterospora",10.5,8.5,397.215121138259,"Basidiospores","Basidiomycota","Bassler_etal_2015"
"Inocybe_bongardii",13.5,7.8,430.052618349907,"Basidiospores","Basidiomycota","Bassler_etal_2015"
"Inocybe_calamistrata",11.8,5.5,186.898582949813,"Basidiospores","Basidiomycota","Bassler_etal_2015"
"Inocybe_calida",9.5,7,243.735230041008,"Basidiospores","Basidiomycota","Bassler_etal_2015"
"Inocybe_cincinnata",9.5,5.5,150.469198137561,"Basidiospores","Basidiomycota","Bassler_etal_2015"
"Inocybe_cookei",8,4.5,84.8230016469244,"Basidiospores","Basidiomycota","Bassler_etal_2015"
"Inocybe_dulcamara",9.5,5.8,167.331696705704,"Basidiospores","Basidiomycota","Bassler_etal_2015"
"Inocybe_dunensis",12,7,307.8760800518,"Basidiospores","Basidiomycota","Bassler_etal_2015"
"Inocybe_erubescens",12,6.5,265.464579228338,"Basidiospores","Basidiomycota","Bassler_etal_2015"
"Inocybe_fibrosa",9,6.3,187.034718631468,"Basidiospores","Basidiomycota","Bassler_etal_2015"
"Inocybe_flocculosa",9.5,5.3,139.724951262284,"Basidiospores","Basidiomycota","Bassler_etal_2015"
"Inocybe_fraudans",10,6.5,221.220482690281,"Basidiospores","Basidiomycota","Bassler_etal_2015"
"Inocybe_fuscidula",9.3,5.5,147.301425545191,"Basidiospores","Basidiomycota","Bassler_etal_2015"
"Inocybe_geophylla",9,5.5,142.549766656637,"Basidiospores","Basidiomycota","Bassler_etal_2015"
"Inocybe_giacomi",12,5.8,211.366353733521,"Basidiospores","Basidiomycota","Bassler_etal_2015"
"Inocybe_grammata",8.8,5.8,155.001992737916,"Basidiospores","Basidiomycota","Bassler_etal_2015"
"Inocybe_griseolilacina",9.5,5.5,150.469198137561,"Basidiospores","Basidiomycota","Bassler_etal_2015"
"Inocybe_gymnocarpa",11.3,6.8,273.586643435418,"Basidiospores","Basidiomycota","Bassler_etal_2015"
"Inocybe_haemacta",10,6,188.495559215388,"Basidiospores","Basidiomycota","Bassler_etal_2015"
"Inocybe_hystrix",10,6,188.495559215388,"Basidiospores","Basidiomycota","Bassler_etal_2015"
"Inocybe_jacobi",8.8,6,165.876092109541,"Basidiospores","Basidiomycota","Bassler_etal_2015"
"Inocybe_lacera",12.5,5,163.624617374468,"Basidiospores","Basidiomycota","Bassler_etal_2015"
"Inocybe_lanuginosa",9.5,7,243.735230041008,"Basidiospores","Basidiomycota","Bassler_etal_2015"
"Inocybe_leiocephala",10,6,188.495559215388,"Basidiospores","Basidiomycota","Bassler_etal_2015"
"Inocybe_leptophylla",10.5,8,351.858377202057,"Basidiospores","Basidiomycota","Bassler_etal_2015"
"Inocybe_maculata",10,5.8,176.138628111268,"Basidiospores","Basidiomycota","Bassler_etal_2015"
"Inocybe_margaritispora",9,7,230.90706003885,"Basidiospores","Basidiomycota","Bassler_etal_2015"
"Inocybe_mixtilis",8.5,6,160.221225333079,"Basidiospores","Basidiomycota","Bassler_etal_2015"
"Inocybe_napipes",9.5,7,243.735230041008,"Basidiospores","Basidiomycota","Bassler_etal_2015"
"Inocybe_nitidiuscula",10.5,5.8,184.945559516831,"Basidiospores","Basidiomycota","Bassler_etal_2015"
"Inocybe_ochroalba",8.8,5.3,129.429428537695,"Basidiospores","Basidiomycota","Bassler_etal_2015"
"Inocybe_oreina",11,8.3,396.777916160635,"Basidiospores","Basidiomycota","Bassler_etal_2015"
"Inocybe_pelargonium",8.3,5,108.646745936647,"Basidiospores","Basidiomycota","Bassler_etal_2015"
"Inocybe_petiginosa",7,5,91.6297857297023,"Basidiospores","Basidiomycota","Bassler_etal_2015"
"Inocybe_phaeodisca",9.5,5,124.354709204596,"Basidiospores","Basidiomycota","Bassler_etal_2015"
"Inocybe_praetervisa",10.5,8.5,397.215121138259,"Basidiospores","Basidiomycota","Bassler_etal_2015"
"Inocybe_putilla",9,7,230.90706003885,"Basidiospores","Basidiomycota","Bassler_etal_2015"
"Inocybe_queletii",10.8,6.3,224.441662357762,"Basidiospores","Basidiomycota","Bassler_etal_2015"
"Inocybe_rimosa",12,7,307.8760800518,"Basidiospores","Basidiomycota","Bassler_etal_2015"
"Inocybe_sambucina",8.5,4.3,82.2914015669066,"Basidiospores","Basidiomycota","Bassler_etal_2015"
"Inocybe_soluta",7,5.8,123.297039677887,"Basidiospores","Basidiomycota","Bassler_etal_2015"
"Inocybe_splendens",10.5,6,197.920337176157,"Basidiospores","Basidiomycota","Bassler_etal_2015"
"Inocybe_subcarpta",9.1,6,171.530958886003,"Basidiospores","Basidiomycota","Bassler_etal_2015"
"Inocybe_taxocystis",10.5,6,197.920337176157,"Basidiospores","Basidiomycota","Bassler_etal_2015"
"Inocybe_tenebrosa",8.3,5,108.646745936647,"Basidiospores","Basidiomycota","Bassler_etal_2015"
"Inocybe_tricolor",9,6,169.646003293849,"Basidiospores","Basidiomycota","Bassler_etal_2015"
"Inocybe_umbratica",8.5,6.3,176.64390092972,"Basidiospores","Basidiomycota","Bassler_etal_2015"
"Inocybe_whitei",8.8,5,115.191730631626,"Basidiospores","Basidiomycota","Bassler_etal_2015"
"Kuehneromyces_mutabilis",6.8,4,56.9675467850949,"Basidiospores","Basidiomycota","Bassler_etal_2015"
"Laccaria_amethystina",9,8.8,364.92740264099,"Basidiospores","Basidiomycota","Bassler_etal_2015"
"Laccaria_aurantiacus",8,6.5,176.976386152225,"Basidiospores","Basidiomycota","Bassler_etal_2015"
"Laccaria_azonites",8.5,7.8,270.773870812904,"Basidiospores","Basidiomycota","Bassler_etal_2015"
"Laccaria_badiosanguineus",8,6.5,176.976386152225,"Basidiospores","Basidiomycota","Bassler_etal_2015"
"Laccaria_bicolor",8.3,7.3,231.591403638557,"Basidiospores","Basidiomycota","Bassler_etal_2015"
"Laccaria_blennius",6.8,5.5,107.70426814057,"Basidiospores","Basidiomycota","Bassler_etal_2015"
"Laccaria_camphoratus",7.3,6,137.601758227233,"Basidiospores","Basidiomycota","Bassler_etal_2015"
"Laccaria_chrysorrheus",7.3,6,137.601758227233,"Basidiospores","Basidiomycota","Bassler_etal_2015"
"Laccaria_deliciosus",9.3,7.3,259.49398239019,"Basidiospores","Basidiomycota","Bassler_etal_2015"
"Laccaria_deterrimus",9.8,7.5,288.633825048562,"Basidiospores","Basidiomycota","Bassler_etal_2015"
"Laccaria_flexuosus",7.3,6,137.601758227233,"Basidiospores","Basidiomycota","Bassler_etal_2015"
"Laccaria_fulvissimus",7.5,6.5,165.915362017711,"Basidiospores","Basidiomycota","Bassler_etal_2015"
"Laccaria_glyciosmus",7,5.8,123.297039677887,"Basidiospores","Basidiomycota","Bassler_etal_2015"
"Laccaria_helvus",7.3,5.5,115.623699621494,"Basidiospores","Basidiomycota","Bassler_etal_2015"
"Laccaria_hysginus",7,5.8,123.297039677887,"Basidiospores","Basidiomycota","Bassler_etal_2015"
"Laccaria_laccata",9,8.3,324.636476858701,"Basidiospores","Basidiomycota","Bassler_etal_2015"
"Laccaria_lacrymabunda",9.5,6,179.070781254618,"Basidiospores","Basidiomycota","Bassler_etal_2015"
"Laccaria_lignyotus",9.3,8.3,335.457692753991,"Basidiospores","Basidiomycota","Bassler_etal_2015"
"Laccaria_mammosus",7.5,5.8,132.103971083451,"Basidiospores","Basidiomycota","Bassler_etal_2015"
"Laccaria_necator",7.8,5.8,137.388129926789,"Basidiospores","Basidiomycota","Bassler_etal_2015"
"Laccaria_omphaliformis",8.3,6.8,200.953021284422,"Basidiospores","Basidiomycota","Bassler_etal_2015"
"Laccaria_pallidus",7.5,5.8,132.103971083451,"Basidiospores","Basidiomycota","Bassler_etal_2015"
"Laccaria_picinus",7.5,6.8,181.58405537749,"Basidiospores","Basidiomycota","Bassler_etal_2015"
"Laccaria_piperatus",8.8,6.8,213.058624976255,"Basidiospores","Basidiomycota","Bassler_etal_2015"
"Laccaria_proxima",9.3,7.5,273.90760948486,"Basidiospores","Basidiomycota","Bassler_etal_2015"
"Laccaria_pubescens",7.3,5,95.5567765466895,"Basidiospores","Basidiomycota","Bassler_etal_2015"
"Laccaria_pyrogalus",6.3,5.3,92.6597045213041,"Basidiospores","Basidiomycota","Bassler_etal_2015"
"Laccaria_quietus",7.8,6.3,162.096756147273,"Basidiospores","Basidiomycota","Bassler_etal_2015"
"Laccaria_rufus",8.3,6.5,183.613000632933,"Basidiospores","Basidiomycota","Bassler_etal_2015"
"Laccaria_serifluus",7.5,6.8,181.58405537749,"Basidiospores","Basidiomycota","Bassler_etal_2015"
"Laccaria_sphagneti",7.8,6.3,162.096756147273,"Basidiospores","Basidiomycota","Bassler_etal_2015"
"Laccaria_subdulcis",8.3,6.5,183.613000632933,"Basidiospores","Basidiomycota","Bassler_etal_2015"
"Laccaria_tabidus",8,6.5,176.976386152225,"Basidiospores","Basidiomycota","Bassler_etal_2015"
"Laccaria_tetraspora",9.4,7.5,276.852852597601,"Basidiospores","Basidiomycota","Bassler_etal_2015"
"Laccaria_torminosus",8.5,6.3,176.64390092972,"Basidiospores","Basidiomycota","Bassler_etal_2015"
"Laccaria_tortilis",12.8,12.8,1098.06621944352,"Basidiospores","Basidiomycota","Bassler_etal_2015"
"Laccaria_turpis",7.8,5.8,137.388129926789,"Basidiospores","Basidiomycota","Bassler_etal_2015"
"Laccaria_uvidus",10,7.5,294.524311274043,"Basidiospores","Basidiomycota","Bassler_etal_2015"
"Laccaria_vellereus",9.8,8,328.401152055253,"Basidiospores","Basidiomycota","Bassler_etal_2015"
"Laccaria_vietus",6.8,6.5,150.429928229391,"Basidiospores","Basidiomycota","Bassler_etal_2015"
"Laccaria_zonaroides",9,7.8,286.701745566604,"Basidiospores","Basidiomycota","Bassler_etal_2015"
"Lepidella_boudieri",8.5,3.5,54.5197225091729,"Basidiospores","Basidiomycota","Bassler_etal_2015"
"Lepidella_castanea",10.5,4.3,101.654084288532,"Basidiospores","Basidiomycota","Bassler_etal_2015"
"Lepidella_cristata",7,3,32.9867228626928,"Basidiospores","Basidiomycota","Bassler_etal_2015"
"Lepidella_echinacea",4.8,2.8,19.7040691233152,"Basidiospores","Basidiomycota","Bassler_etal_2015"
"Lepidella_erminea",15,6.3,311.724531052447,"Basidiospores","Basidiomycota","Bassler_etal_2015"
"Lepidella_flaccida",4.5,3.8,34.0234484383775,"Basidiospores","Basidiomycota","Bassler_etal_2015"
"Lepidella_fuscovinacea",5.3,2.8,21.7565763236605,"Basidiospores","Basidiomycota","Bassler_etal_2015"
"Lepidella_grangei",10.5,4,87.9645943005142,"Basidiospores","Basidiomycota","Bassler_etal_2015"
"Lepidella_irina",7.8,4.5,82.7024266057513,"Basidiospores","Basidiomycota","Bassler_etal_2015"
"Lepidella_magnispora",19,4.5,201.454628911445,"Basidiospores","Basidiomycota","Bassler_etal_2015"
"Lepidella_nuda",7.3,4.5,77.4009890028185,"Basidiospores","Basidiomycota","Bassler_etal_2015"
"Lepidella_saeva",7.5,5,98.174770424681,"Basidiospores","Basidiomycota","Bassler_etal_2015"
"Lepidella_sordida",6.3,3.8,47.6328278137284,"Basidiospores","Basidiomycota","Bassler_etal_2015"
"Leucoagaricus_americanus",9.5,6.5,210.159458555767,"Basidiospores","Basidiomycota","Bassler_etal_2015"
"Leucoagaricus_badhamii",6.5,3.8,49.1449810776563,"Basidiospores","Basidiomycota","Bassler_etal_2015"
"Leucoagaricus_barsii",8,4.5,84.8230016469244,"Basidiospores","Basidiomycota","Bassler_etal_2015"
"Leucoagaricus_candidus",7,3.5,44.8985950075541,"Basidiospores","Basidiomycota","Bassler_etal_2015"
"Leucoagaricus_compactus",7,4.5,74.2201264410589,"Basidiospores","Basidiomycota","Bassler_etal_2015"
"Leucoagaricus_leucothites",9,6,169.646003293849,"Basidiospores","Basidiomycota","Bassler_etal_2015"
"Lyophyllum_ambustum",6,6,113.097335529233,"Basidiospores","Basidiomycota","Bassler_etal_2015"
"Lyophyllum_anthracophilum",5.5,5.5,87.113746290167,"Basidiospores","Basidiomycota","Bassler_etal_2015"
"Lyophyllum_decastes",5.8,5.8,102.160404304535,"Basidiospores","Basidiomycota","Bassler_etal_2015"
"Lyophyllum_fumosum",5.8,5.8,102.160404304535,"Basidiospores","Basidiomycota","Bassler_etal_2015"
"Lyophyllum_palustre",6.8,4.3,65.8331212535253,"Basidiospores","Basidiomycota","Bassler_etal_2015"
"Lyophyllum_rancidum",7.8,4.8,94.0969831603215,"Basidiospores","Basidiomycota","Bassler_etal_2015"
"Lyophyllum_semitale",7,4.5,74.2201264410589,"Basidiospores","Basidiomycota","Bassler_etal_2015"
"Lyophyllum_tylicolor",7,5.3,102.955227245894,"Basidiospores","Basidiomycota","Bassler_etal_2015"
"Macrocystidia_cucumis",8.8,4.5,93.3053018116169,"Basidiospores","Basidiomycota","Bassler_etal_2015"
"Macrocystidia_excoriata",14,9.5,661.567052968451,"Basidiospores","Basidiomycota","Bassler_etal_2015"
"Macrocystidia_mastoidea",14.5,9.8,729.153182922679,"Basidiospores","Basidiomycota","Bassler_etal_2015"
"Macrocystidia_procera",15.3,10,801.106126665397,"Basidiospores","Basidiomycota","Bassler_etal_2015"
"Marasmius_bulliardii",8.6,4,72.0471915223259,"Basidiospores","Basidiomycota","Bassler_etal_2015"
"Marasmius_buxi",10.3,3.8,77.8758930922862,"Basidiospores","Basidiomycota","Bassler_etal_2015"
"Marasmius_favrei",12,3.8,90.7291958356732,"Basidiospores","Basidiomycota","Bassler_etal_2015"
"Marasmius_oreades",9.5,5,124.354709204596,"Basidiospores","Basidiomycota","Bassler_etal_2015"
"Marasmius_perforans",7.8,4,65.3451271946677,"Basidiospores","Basidiomycota","Bassler_etal_2015"
"Marasmius_ramealis",8.8,3.5,56.4439480094966,"Basidiospores","Basidiomycota","Bassler_etal_2015"
"Marasmius_rotula",7.8,4,65.3451271946677,"Basidiospores","Basidiomycota","Bassler_etal_2015"
"Marasmius_setosus",12.3,5,161.006623496477,"Basidiospores","Basidiomycota","Bassler_etal_2015"
"Marasmius_torquescens",8.5,4.3,82.2914015669066,"Basidiospores","Basidiomycota","Bassler_etal_2015"
"Marasmius_wettsteinii",10,5.3,147.078896065562,"Basidiospores","Basidiomycota","Bassler_etal_2015"
"Marasmius_wynnei",7.5,3.8,56.7057473972958,"Basidiospores","Basidiomycota","Bassler_etal_2015"
"?_plathyphylla",8.5,7.3,237.171919388883,"Basidiospores","Basidiomycota","Bassler_etal_2015"
"Melanoleuca_brevipes",8.5,5,111.264739814639,"Basidiospores","Basidiomycota","Bassler_etal_2015"
"Melanoleuca_cognata",8.3,5,108.646745936647,"Basidiospores","Basidiomycota","Bassler_etal_2015"
"Melanoleuca_excissa",8.5,5.8,149.717833894578,"Basidiospores","Basidiomycota","Bassler_etal_2015"
"Melanoleuca_haematospermum",5.8,3.3,33.0715458643397,"Basidiospores","Basidiomycota","Bassler_etal_2015"
"Melanoleuca_verrucipes",9.3,5.8,163.808924143479,"Basidiospores","Basidiomycota","Bassler_etal_2015"
"Mycena_adscendens",9,5,117.809724509617,"Basidiospores","Basidiomycota","Bassler_etal_2015"
"Mycena_aetites",9.3,6,175.30087007031,"Basidiospores","Basidiomycota","Bassler_etal_2015"
"Mycena_alba",8.5,8.5,321.555098064305,"Basidiospores","Basidiomycota","Bassler_etal_2015"
"Mycena_alliaceus",9.3,7,238.603962040145,"Basidiospores","Basidiomycota","Bassler_etal_2015"
"Mycena_amicta",8.3,4.8,100.128841055214,"Basidiospores","Basidiomycota","Bassler_etal_2015"
"Mycena_aurantiomarginata",8.8,5.5,139.381994064267,"Basidiospores","Basidiomycota","Bassler_etal_2015"
"Mycena_bulbosa",10,4.5,106.028752058656,"Basidiospores","Basidiomycota","Bassler_etal_2015"
"Mycena_capillaris",9,4.5,95.42587685279,"Basidiospores","Basidiomycota","Bassler_etal_2015"
"Mycena_cinerella",9.8,5,128.281700021583,"Basidiospores","Basidiomycota","Bassler_etal_2015"
"Mycena_citrinomarginata",9.5,5,124.354709204596,"Basidiospores","Basidiomycota","Bassler_etal_2015"
"Mycena_clavata",7.5,6,141.371669411541,"Basidiospores","Basidiomycota","Bassler_etal_2015"
"Mycena_corynephora",7.3,7,187.291282031511,"Basidiospores","Basidiomycota","Bassler_etal_2015"
"Mycena_crocata",7.5,6,141.371669411541,"Basidiospores","Basidiomycota","Bassler_etal_2015"
"Mycena_epipterygia",9,6.5,199.098434421253,"Basidiospores","Basidiomycota","Bassler_etal_2015"
"Mycena_flavescens",10,5.3,147.078896065562,"Basidiospores","Basidiomycota","Bassler_etal_2015"
"Mycena_flavoalba",7.3,4,61.1563369898813,"Basidiospores","Basidiomycota","Bassler_etal_2015"
"Mycena_galericulata",10.5,7.8,334.485369827705,"Basidiospores","Basidiomycota","Bassler_etal_2015"
"Mycena_galopus",11,6,207.345115136926,"Basidiospores","Basidiomycota","Bassler_etal_2015"
"Mycena_haematopus",9,5.5,142.549766656637,"Basidiospores","Basidiomycota","Bassler_etal_2015"
"Mycena_inclinata",9,6.5,199.098434421253,"Basidiospores","Basidiomycota","Bassler_etal_2015"
"Mycena_leptocephala",9.5,5,124.354709204596,"Basidiospores","Basidiomycota","Bassler_etal_2015"
"Mycena_metata",9.5,5,124.354709204596,"Basidiospores","Basidiomycota","Bassler_etal_2015"
"Mycena_olivaceomarginata",11.5,6,216.769893097696,"Basidiospores","Basidiomycota","Bassler_etal_2015"
"Mycena_pelianthina",7.5,4,62.8318530717959,"Basidiospores","Basidiomycota","Bassler_etal_2015"
"Mycena_polygramma",9,6.3,187.034718631468,"Basidiospores","Basidiomycota","Bassler_etal_2015"
"Mycena_pseudocorticola",11.5,11.5,796.328287838063,"Basidiospores","Basidiomycota","Bassler_etal_2015"
"Mycena_pterigena",9.8,4.5,103.908177017482,"Basidiospores","Basidiomycota","Bassler_etal_2015"
"Mycena_pura",6.5,3.5,41.6915525070145,"Basidiospores","Basidiomycota","Bassler_etal_2015"
"Mycena_rosea",8,4.8,96.5097263182785,"Basidiospores","Basidiomycota","Bassler_etal_2015"
"Mycena_rosella",8,4.8,96.5097263182785,"Basidiospores","Basidiomycota","Bassler_etal_2015"
"Mycena_rubromarginata",10,6.5,221.220482690281,"Basidiospores","Basidiomycota","Bassler_etal_2015"
"Mycena_sanguinolenta",8.5,5.3,125.017061655728,"Basidiospores","Basidiomycota","Bassler_etal_2015"
"Mycena_scorodonius",8.5,4,71.2094334813686,"Basidiospores","Basidiomycota","Bassler_etal_2015"
"Mycena_speirea",9,5,117.809724509617,"Basidiospores","Basidiomycota","Bassler_etal_2015"
"Mycena_stipata",8.7,5.3,127.958639577039,"Basidiospores","Basidiomycota","Bassler_etal_2015"
"Mycena_stylobates",8.5,4.5,90.1244392498572,"Basidiospores","Basidiomycota","Bassler_etal_2015"
"Mycena_vitilis",9.8,6.3,203.660026954266,"Basidiospores","Basidiomycota","Bassler_etal_2015"
"Mycena_vulgaris",7.8,4.5,82.7024266057513,"Basidiospores","Basidiomycota","Bassler_etal_2015"
"Mycena_zephirus",10,4.8,120.637157897848,"Basidiospores","Basidiomycota","Bassler_etal_2015"
"Myxomphalia_maura",6.3,4.8,76.0014094756443,"Basidiospores","Basidiomycota","Bassler_etal_2015"
"Naucoria_amarescens",9.5,5,124.354709204596,"Basidiospores","Basidiomycota","Bassler_etal_2015"
"Naucoria_bohemica",12,7.8,382.268994088806,"Basidiospores","Basidiomycota","Bassler_etal_2015"
"Naucoria_escharioides",10.5,5.8,184.945559516831,"Basidiospores","Basidiomycota","Bassler_etal_2015"
"Naucoria_pseudoamarescens",10,4.8,120.637157897848,"Basidiospores","Basidiomycota","Bassler_etal_2015"
"Naucoria_scolecina",12.3,5.8,216.650512576859,"Basidiospores","Basidiomycota","Bassler_etal_2015"
"Omphalina_pyxidata",7.5,5.5,118.791472213864,"Basidiospores","Basidiomycota","Bassler_etal_2015"
"Omphalina_rivulicola",9.3,6.3,193.269209252517,"Basidiospores","Basidiomycota","Bassler_etal_2015"
"Oudemansiella_mucida",16,16,2144.66058485063,"Basidiospores","Basidiomycota","Bassler_etal_2015"
"Panaeolus_fimicola",13,7.5,382.881604656256,"Basidiospores","Basidiomycota","Bassler_etal_2015"
"Panaeolus_foenisecii",15.5,9.3,701.933900573202,"Basidiospores","Basidiomycota","Bassler_etal_2015"
"Panaeolus_papilionaceus",16.5,9.9,846.745613940423,"Basidiospores","Basidiomycota","Bassler_etal_2015"
"Panaeolus_semiovatus",21,11.2,1379.28483863206,"Basidiospores","Basidiomycota","Bassler_etal_2015"
"Parasola_auricoma",12.3,7,315.572982053095,"Basidiospores","Basidiomycota","Bassler_etal_2015"
"Parasola_plicatilis",12.3,7.8,391.825718941026,"Basidiospores","Basidiomycota","Bassler_etal_2015"
"Paxillus_filamentosus",7,4.5,74.2201264410589,"Basidiospores","Basidiomycota","Bassler_etal_2015"
"Paxillus_involutus",9,5.8,158.524765300141,"Basidiospores","Basidiomycota","Bassler_etal_2015"
"Phaeocollybia_aurea",11.5,5,150.534647984511,"Basidiospores","Basidiomycota","Bassler_etal_2015"
"Phaeocollybia_jennyae",10.3,5.3,151.491262947529,"Basidiospores","Basidiomycota","Bassler_etal_2015"
"Phaeocollybia_lugubris",8,5.3,117.66311685245,"Basidiospores","Basidiomycota","Bassler_etal_2015"
"Pholiotina_aporos",9,5,117.809724509617,"Basidiospores","Basidiomycota","Bassler_etal_2015"
"Pholiotina_arrhenii",7.5,4.3,72.6100602060941,"Basidiospores","Basidiomycota","Bassler_etal_2015"
"Pholiotina_astragalina",7.8,4,65.3451271946677,"Basidiospores","Basidiomycota","Bassler_etal_2015"
"Pholiotina_cerifera",9.3,5.8,163.808924143479,"Basidiospores","Basidiomycota","Bassler_etal_2015"
"Pholiotina_coprophila",12.3,7.5,362.264902867073,"Basidiospores","Basidiomycota","Bassler_etal_2015"
"Pholiotina_flammans",4.5,2.5,14.7262155637022,"Basidiospores","Basidiomycota","Bassler_etal_2015"
"Pholiotina_highlandensis",7,4.5,74.2201264410589,"Basidiospores","Basidiomycota","Bassler_etal_2015"
"Pholiotina_lenta",7,3.8,52.9253642374761,"Basidiospores","Basidiomycota","Bassler_etal_2015"
"Pholiotina_squarrosa",7,4.3,67.7693895256878,"Basidiospores","Basidiomycota","Bassler_etal_2015"
"Pholiotina_vestita",7.5,4.8,90.477868423386,"Basidiospores","Basidiomycota","Bassler_etal_2015"
"Pluteus_cervinus",7.3,5.5,115.623699621494,"Basidiospores","Basidiomycota","Bassler_etal_2015"
"Pluteus_chrysophaeus",6.8,5.5,107.70426814057,"Basidiospores","Basidiomycota","Bassler_etal_2015"
"Pluteus_cinereofuscus",8,6.3,166.253083227972,"Basidiospores","Basidiomycota","Bassler_etal_2015"
"Pluteus_leoninus",7,5.8,123.297039677887,"Basidiospores","Basidiomycota","Bassler_etal_2015"
"Pluteus_nanus",8,6.3,166.253083227972,"Basidiospores","Basidiomycota","Bassler_etal_2015"
"Pluteus_romellii",6.8,6,128.176980266464,"Basidiospores","Basidiomycota","Bassler_etal_2015"
"Pluteus_salicinus",8.3,5.5,131.462562583343,"Basidiospores","Basidiomycota","Bassler_etal_2015"
"Pluteus_umbrosus",6,4.5,63.6172512351933,"Basidiospores","Basidiomycota","Bassler_etal_2015"
"Psathyrella_candolleana",8.3,4.8,100.128841055214,"Basidiospores","Basidiomycota","Bassler_etal_2015"
"Psathyrella_canoceps",9.5,5.3,139.724951262284,"Basidiospores","Basidiomycota","Bassler_etal_2015"
"Psathyrella_cernua",7.5,4.3,72.6100602060941,"Basidiospores","Basidiomycota","Bassler_etal_2015"
"Psathyrella_clivensis",9.5,5.8,167.331696705704,"Basidiospores","Basidiomycota","Bassler_etal_2015"
"Psathyrella_corrugis",12.5,6.3,259.770442543706,"Basidiospores","Basidiomycota","Bassler_etal_2015"
"Psathyrella_cotonea",7.5,3.8,56.7057473972958,"Basidiospores","Basidiomycota","Bassler_etal_2015"
"Psathyrella_fatua",8.5,4.8,102.541584213171,"Basidiospores","Basidiomycota","Bassler_etal_2015"
"Psathyrella_fibrillosa",8.8,4.8,106.160698950106,"Basidiospores","Basidiomycota","Bassler_etal_2015"
"Psathyrella_hirta",11.5,6.3,238.98880714021,"Basidiospores","Basidiomycota","Bassler_etal_2015"
"Psathyrella_impexa",9.5,5,124.354709204596,"Basidiospores","Basidiomycota","Bassler_etal_2015"
"Psathyrella_leucotephra",9.8,5.3,144.137318144251,"Basidiospores","Basidiomycota","Bassler_etal_2015"
"Psathyrella_lutensis",9.5,5.3,139.724951262284,"Basidiospores","Basidiomycota","Bassler_etal_2015"
"Psathyrella_maculata",5.3,3.3,30.220550531207,"Basidiospores","Basidiomycota","Bassler_etal_2015"
"Psathyrella_microrrhiza",12,6.3,249.379624841958,"Basidiospores","Basidiomycota","Bassler_etal_2015"
"Psathyrella_multipedata",7.8,4.5,82.7024266057513,"Basidiospores","Basidiomycota","Bassler_etal_2015"
"Psathyrella_olympiana",9.3,5.3,136.783373340973,"Basidiospores","Basidiomycota","Bassler_etal_2015"
"Psathyrella_panaeoloides",13.8,7.5,406.443549558179,"Basidiospores","Basidiomycota","Bassler_etal_2015"
"Psathyrella_pennata",7.5,4,62.8318530717959,"Basidiospores","Basidiomycota","Bassler_etal_2015"
"Psathyrella_piluliformis",5.5,3.5,35.2774675059354,"Basidiospores","Basidiomycota","Bassler_etal_2015"
"Psathyrella_prona",14.8,7.3,412.958165524173,"Basidiospores","Basidiomycota","Bassler_etal_2015"
"Psathyrella_pygmaea",6.8,3.8,51.4132109735482,"Basidiospores","Basidiomycota","Bassler_etal_2015"
"Psathyrella_senex",8.3,4.5,88.0038642086841,"Basidiospores","Basidiomycota","Bassler_etal_2015"
"Psathyrella_spadicea",8.8,4.8,106.160698950106,"Basidiospores","Basidiomycota","Bassler_etal_2015"
"Psathyrella_suavissima",7.8,4.5,82.7024266057513,"Basidiospores","Basidiomycota","Bassler_etal_2015"
"Pseudoclitocybe_cyathiformis",10,5.8,176.138628111268,"Basidiospores","Basidiomycota","Bassler_etal_2015"
"Psilocybe_coprophila",12,7.3,334.8309450196,"Basidiospores","Basidiomycota","Bassler_etal_2015"
"Psilocybe_inquilina",8,5.8,140.910902489014,"Basidiospores","Basidiomycota","Bassler_etal_2015"
"Psilocybe_merdaria",12,7.9,392.133595021078,"Basidiospores","Basidiomycota","Bassler_etal_2015"
"Psilocybe_montana",8,5.4,122.145122371571,"Basidiospores","Basidiomycota","Bassler_etal_2015"
"Psilocybe_phyllogena",6.8,5.1,92.6078682425199,"Basidiospores","Basidiomycota","Bassler_etal_2015"
"Psilocybe_semilanceata",12.8,7.5,376.991118430775,"Basidiospores","Basidiomycota","Bassler_etal_2015"
"Rhodocollybia_butyracea",7.5,3.5,48.1056375080937,"Basidiospores","Basidiomycota","Bassler_etal_2015"
"Rhodocollybia_fallax",6,3.5,38.484510006475,"Basidiospores","Basidiomycota","Bassler_etal_2015"
"Rhodocollybia_gemina",5.8,3.8,43.8524446539087,"Basidiospores","Basidiomycota","Bassler_etal_2015"
"Rhodocollybia_maculata",6,5,78.5398163397448,"Basidiospores","Basidiomycota","Bassler_etal_2015"
"Rhodocollybia_mundula",5.3,4.8,63.9376936858595,"Basidiospores","Basidiomycota","Bassler_etal_2015"
"Rhodocollybia_nitellina",7.5,4.5,79.5215640439916,"Basidiospores","Basidiomycota","Bassler_etal_2015"
"Roridomyces_roridus",10.5,4.8,126.66901579274,"Basidiospores","Basidiomycota","Bassler_etal_2015"
"Rugosomyces_carneus",5,2.5,16.3624617374468,"Basidiospores","Basidiomycota","Bassler_etal_2015"
"Rugosomyces_chrysenteron",3,2.3,8.309512568745,"Basidiospores","Basidiomycota","Bassler_etal_2015"
"Russula_acrifolia",8.3,7,212.947622035828,"Basidiospores","Basidiomycota","Bassler_etal_2015"
"Russula_adusta",8.3,6.8,200.953021284422,"Basidiospores","Basidiomycota","Bassler_etal_2015"
"Russula_aeruginea",7.8,6.3,162.096756147273,"Basidiospores","Basidiomycota","Bassler_etal_2015"
"Russula_amethystina",8.3,6.8,200.953021284422,"Basidiospores","Basidiomycota","Bassler_etal_2015"
"Russula_atropurpurea",7.8,6.3,162.096756147273,"Basidiospores","Basidiomycota","Bassler_etal_2015"
"Russula_atrorubens",7,5.8,123.297039677887,"Basidiospores","Basidiomycota","Bassler_etal_2015"
"Russula_aurea",8.5,7,218.078890036691,"Basidiospores","Basidiomycota","Bassler_etal_2015"
"Russula_aurora",7,5.8,123.297039677887,"Basidiospores","Basidiomycota","Bassler_etal_2015"
"Russula_badia",9.5,7.5,279.798095710341,"Basidiospores","Basidiomycota","Bassler_etal_2015"
"Russula_brunneoviolacea",8,6.8,193.689659069323,"Basidiospores","Basidiomycota","Bassler_etal_2015"
"Russula_caerulea",8.5,7.3,237.171919388883,"Basidiospores","Basidiomycota","Bassler_etal_2015"
"Russula_cessans",8.3,7,212.947622035828,"Basidiospores","Basidiomycota","Bassler_etal_2015"
"Russula_chloroides",9.5,8,318.348055563766,"Basidiospores","Basidiomycota","Bassler_etal_2015"
"Russula_claroflava",8.8,7,225.775792037986,"Basidiospores","Basidiomycota","Bassler_etal_2015"
"Russula_clavipes",9.4,7.7,291.815211209098,"Basidiospores","Basidiomycota","Bassler_etal_2015"
"Russula_consobrina",9.3,8.3,335.457692753991,"Basidiospores","Basidiomycota","Bassler_etal_2015"
"Russula_curtipes",8.3,6.8,200.953021284422,"Basidiospores","Basidiomycota","Bassler_etal_2015"
"Russula_cyanoxantha",8,6.8,193.689659069323,"Basidiospores","Basidiomycota","Bassler_etal_2015"
"Russula_decolorans",11.5,9.5,543.430079224084,"Basidiospores","Basidiomycota","Bassler_etal_2015"
"Russula_delica",9.5,7.5,279.798095710341,"Basidiospores","Basidiomycota","Bassler_etal_2015"
"Russula_densifolia",7.3,6.3,151.705938445524,"Basidiospores","Basidiomycota","Bassler_etal_2015"
"Russula_emetica",9.5,7.8,302.629620320305,"Basidiospores","Basidiomycota","Bassler_etal_2015"
"Russula_faginea",9.8,8,328.401152055253,"Basidiospores","Basidiomycota","Bassler_etal_2015"
"Russula_farinipes",7,6,131.946891450771,"Basidiospores","Basidiomycota","Bassler_etal_2015"
"Russula_fellea",8.3,6.5,183.613000632933,"Basidiospores","Basidiomycota","Bassler_etal_2015"
"Russula_foetens",8.8,7.8,280.330595665124,"Basidiospores","Basidiomycota","Bassler_etal_2015"
"Russula_fragilis",8.3,6.8,200.953021284422,"Basidiospores","Basidiomycota","Bassler_etal_2015"
"Russula_grata",8.8,8.3,317.422332928508,"Basidiospores","Basidiomycota","Bassler_etal_2015"
"Russula_graveolens",8.7,7.1,229.633144217819,"Basidiospores","Basidiomycota","Bassler_etal_2015"
"Russula_grisea",7.8,6,147.026536188002,"Basidiospores","Basidiomycota","Bassler_etal_2015"
"Russula_insignis",7.3,6.3,151.705938445524,"Basidiospores","Basidiomycota","Bassler_etal_2015"
"Russula_integra",9.5,8,318.348055563766,"Basidiospores","Basidiomycota","Bassler_etal_2015"
"Russula_ionochlora",7,5.5,110.87204073294,"Basidiospores","Basidiomycota","Bassler_etal_2015"
"Russula_lilacea",7.8,6.3,162.096756147273,"Basidiospores","Basidiomycota","Bassler_etal_2015"
"Russula_maculata",9,7.8,286.701745566604,"Basidiospores","Basidiomycota","Bassler_etal_2015"
"Russula_mairei",7.3,6,137.601758227233,"Basidiospores","Basidiomycota","Bassler_etal_2015"
"Russula_melliolens",9.8,8.8,397.365393986856,"Basidiospores","Basidiomycota","Bassler_etal_2015"
"Russula_minutula",7,6.3,145.471447824475,"Basidiospores","Basidiomycota","Bassler_etal_2015"
"Russula_nana",8.5,7,218.078890036691,"Basidiospores","Basidiomycota","Bassler_etal_2015"
"Russula_nauseosa",8.5,7,218.078890036691,"Basidiospores","Basidiomycota","Bassler_etal_2015"
"Russula_nigricans",7.3,6.5,161.490952363905,"Basidiospores","Basidiomycota","Bassler_etal_2015"
"Russula_nitida",8.8,7.5,259.181393921158,"Basidiospores","Basidiomycota","Bassler_etal_2015"
"Russula_ochroleuca",9,7.5,265.071880146639,"Basidiospores","Basidiomycota","Bassler_etal_2015"
"Russula_olivacea",9.5,8,318.348055563766,"Basidiospores","Basidiomycota","Bassler_etal_2015"
"Russula_paludosa",9.5,8,318.348055563766,"Basidiospores","Basidiomycota","Bassler_etal_2015"
"Russula_parazurea",7,5.8,123.297039677887,"Basidiospores","Basidiomycota","Bassler_etal_2015"
"Russula_persicina",7.5,6.3,155.862265526224,"Basidiospores","Basidiomycota","Bassler_etal_2015"
"Russula_puellaris",7.8,6.8,188.84741759259,"Basidiospores","Basidiomycota","Bassler_etal_2015"
"Russula_puellula",7.3,6,137.601758227233,"Basidiospores","Basidiomycota","Bassler_etal_2015"
"Russula_queletii",8.3,7,212.947622035828,"Basidiospores","Basidiomycota","Bassler_etal_2015"
"Russula_rhodopus",8.3,7,212.947622035828,"Basidiospores","Basidiomycota","Bassler_etal_2015"
"Russula_romellii",7.8,6.3,162.096756147273,"Basidiospores","Basidiomycota","Bassler_etal_2015"
"Russula_sanguinaria",7.8,7,200.11945203367,"Basidiospores","Basidiomycota","Bassler_etal_2015"
"Russula_sphagnophila",8.8,8.3,317.422332928508,"Basidiospores","Basidiomycota","Bassler_etal_2015"
"Russula_turci",8.3,7,212.947622035828,"Basidiospores","Basidiomycota","Bassler_etal_2015"
"Russula_vesca",7.3,5.5,115.623699621494,"Basidiospores","Basidiomycota","Bassler_etal_2015"
"Russula_vinosa",10,8,335.103216382911,"Basidiospores","Basidiomycota","Bassler_etal_2015"
"Russula_violeipes",8,6.8,193.689659069323,"Basidiospores","Basidiomycota","Bassler_etal_2015"
"Russula_virescens",7.5,6.5,165.915362017711,"Basidiospores","Basidiomycota","Bassler_etal_2015"
"Russula_viscida",9.5,8,318.348055563766,"Basidiospores","Basidiomycota","Bassler_etal_2015"
"Russula_xerampelina",9,7.8,286.701745566604,"Basidiospores","Basidiomycota","Bassler_etal_2015"
"Stropharia_aeruginosa",8,4.8,96.5097263182785,"Basidiospores","Basidiomycota","Bassler_etal_2015"
"Stropharia_coronilla",8,4.8,96.5097263182785,"Basidiospores","Basidiomycota","Bassler_etal_2015"
"Stropharia_rugosoannulata",13,7,333.532420056116,"Basidiospores","Basidiomycota","Bassler_etal_2015"
"Stropharia_semiglobata",18.3,10.3,1016.53927208899,"Basidiospores","Basidiomycota","Bassler_etal_2015"
"Tapinella_atrotomentosa",5.5,4,46.0766922526503,"Basidiospores","Basidiomycota","Bassler_etal_2015"
"Tricholoma_acerbum",5,3.8,37.8038315981972,"Basidiospores","Basidiomycota","Bassler_etal_2015"
"Tricholoma_album",6,4,50.2654824574367,"Basidiospores","Basidiomycota","Bassler_etal_2015"
"Tricholoma_atrosquamosum",5.5,3.8,41.5842147580169,"Basidiospores","Basidiomycota","Bassler_etal_2015"
"Tricholoma_cingulatum",5.5,3,25.9181393921158,"Basidiospores","Basidiomycota","Bassler_etal_2015"
"Tricholoma_columbetta",6.3,4.5,66.798113796953,"Basidiospores","Basidiomycota","Bassler_etal_2015"
"Tricholoma_decora",7,4.8,84.4460105284936,"Basidiospores","Basidiomycota","Bassler_etal_2015"
"Tricholoma_equestre",7,4.3,67.7693895256878,"Basidiospores","Basidiomycota","Bassler_etal_2015"
"Tricholoma_fulvum",5.8,4.5,61.4966761940202,"Basidiospores","Basidiomycota","Bassler_etal_2015"
"Tricholoma_pardinum",8.3,6,156.451314148772,"Basidiospores","Basidiomycota","Bassler_etal_2015"
"Tricholoma_populinum",5.3,3.8,40.072061494089,"Basidiospores","Basidiomycota","Bassler_etal_2015"
"Tricholoma_rutilans",6.3,5.3,92.6597045213041,"Basidiospores","Basidiomycota","Bassler_etal_2015"
"Tricholoma_saponaceum",5.3,3.5,33.9946505057196,"Basidiospores","Basidiomycota","Bassler_etal_2015"
"Tricholoma_sciodes",7,5.8,123.297039677887,"Basidiospores","Basidiomycota","Bassler_etal_2015"
"Tricholoma_sejunctum",7,5.3,102.955227245894,"Basidiospores","Basidiomycota","Bassler_etal_2015"
"Tricholoma_sudum",6.3,4,52.7787565803085,"Basidiospores","Basidiomycota","Bassler_etal_2015"
"Tricholoma_sulphureum",9.8,5.8,172.615855549042,"Basidiospores","Basidiomycota","Bassler_etal_2015"
"Tricholoma_terreum",6.3,4,52.7787565803085,"Basidiospores","Basidiomycota","Bassler_etal_2015"
"Tricholoma_ustale",6.8,5.5,107.70426814057,"Basidiospores","Basidiomycota","Bassler_etal_2015"
"Tricholoma_vaccinum",6,4.8,72.3822947387088,"Basidiospores","Basidiomycota","Bassler_etal_2015"
"Tricholoma_virgatum",7,5.5,110.87204073294,"Basidiospores","Basidiomycota","Bassler_etal_2015"
"Tubaria_conspersa",8.3,5.3,122.075483734417,"Basidiospores","Basidiomycota","Bassler_etal_2015"
"Tubaria_furfuracea",8.3,5.3,122.075483734417,"Basidiospores","Basidiomycota","Bassler_etal_2015"
"?_bombycina",8.5,5.3,125.017061655728,"Basidiospores","Basidiomycota","Bassler_etal_2015"
"?_gloiocephala",14,7.8,445.980493103607,"Basidiospores","Basidiomycota","Bassler_etal_2015"
"?_pusilla",8.5,5.3,125.017061655728,"Basidiospores","Basidiomycota","Bassler_etal_2015"
"Xeromphalina_campanella",7,3.5,44.8985950075541,"Basidiospores","Basidiomycota","Bassler_etal_2015"
"Xeromphalina_cauticinalis",6,3.5,38.484510006475,"Basidiospores","Basidiomycota","Bassler_etal_2015"
"Xeromphalina_radicata",14.5,11.5,1004.06610205669,"Basidiospores","Basidiomycota","Bassler_etal_2015"
