names_to_use,simpleFunct,taxon,disease,simpleFunct,citationSource,,,,notes,,,
Arthrinium arundinis,Plant Pathogen undefined,Sphaeria montagnei,spots,Plant necrotroph,"KHAN, Abdul Hamid. Some new diseases of hardwoods and bamboo in Pakistan. Mycopathologia et mycologia applicata, 1961, 14. Jg., Nr. 4, S. 241-262.",,,,found it as Apiospora Montagnei,,,
Arthrinium arundinis,Plant Pathogen undefined,Apiospora montagnei,spots,Plant necrotroph,"KHAN, Abdul Hamid. Some new diseases of hardwoods and bamboo in Pakistan. Mycopathologia et mycologia applicata, 1961, 14. Jg., Nr. 4, S. 241-262.",,,,,,,
Fusarium roseum,Plant Pathogen undefined,Botryosphaeria pulicaris,cankers blights rots,Plant necrotroph,"https://www.apsnet.org/edcenter/resources/commonnames/Pages/DiseasesofHop.aspx 
https://www.apsnet.org/edcenter/resources/commonnames/Pages/Potato.aspx",,,,,,,
Fusarium roseum,Plant Pathogen undefined,Cucurbitaria pulicaris,cankers blights rots,Plant necrotroph,"https://www.apsnet.org/edcenter/resources/commonnames/Pages/DiseasesofHop.aspx 
https://www.apsnet.org/edcenter/resources/commonnames/Pages/Potato.aspx",,,,,,,
Fusarium roseum,Plant Pathogen undefined,Nectria pulicaris,cankers blights rots,Plant necrotroph,"https://www.apsnet.org/edcenter/resources/commonnames/Pages/DiseasesofHop.aspx 
https://www.apsnet.org/edcenter/resources/commonnames/Pages/Potato.aspx",,,,,,,
Fusarium roseum,Plant Pathogen undefined,Gibbera pulicaris,cankers blights rots,Plant necrotroph,"https://www.apsnet.org/edcenter/resources/commonnames/Pages/DiseasesofHop.aspx 
https://www.apsnet.org/edcenter/resources/commonnames/Pages/Potato.aspx",,,,,,,2 source
Fusarium roseum,Plant Pathogen undefined,Gibberella pulicaris,cankers blights rots,Plant necrotroph,"https://www.apsnet.org/edcenter/resources/commonnames/Pages/DiseasesofHop.aspx 
https://www.apsnet.org/edcenter/resources/commonnames/Pages/Potato.aspx",,,,,,,
Phomopsis phaseoli,Plant Pathogen undefined,Septomazzantia phaseolorum,blights,Plant necrotroph,https://www.apsnet.org/edcenter/resources/commonnames/Pages/Bean.aspx,,,,,,,
Phomopsis phaseoli,Plant Pathogen undefined,Diaporthe phaseolorum,blights,Plant necrotroph,https://www.apsnet.org/edcenter/resources/commonnames/Pages/Bean.aspx,,,,,,,
Thanatephorus cucumeris,Plant Pathogen undefined,Thanatephorus cucumeris,rots damping-off blights,Plant necrotroph,https://www.apsnet.org/edcenter/resources/commonnames/Pages/Cucurbits.aspx,,,,,,,
Thanatephorus cucumeris,Plant Pathogen undefined,Rhizoctonia solani,rots damping-off blights,Plant necrotroph,https://www.apsnet.org/edcenter/resources/commonnames/Pages/Cucurbits.aspx,,,,,,,
Thanatephorus cucumeris,Plant Pathogen undefined,Thanatephorus corchori,rots damping-off blights,Plant necrotroph,NA,,,,,,,
Acervuloseptoria capensis,Plant Pathogen undefined,Acervuloseptoria capensis,leaf_spots,Plant necrotroph,"Crous PW, et al. 2015. Sydowia 67:81-118 (p.87)",,,,,,,
Acicuseptoria rumicis,Plant Pathogen undefined,Acicuseptoria rumicis,associated_with_leaf_spots_and_stem_cankers,Plant necrotroph,"Quaedvlieg W, et al. 2013. Studies in Mycology 75:307-390 (p.376-377)",,,,no info about this specific fungi,,,
Acrodontium simplex,Plant Pathogen undefined,Acrodontium simplex,blotch_diseases,Plant necrotroph,https://www.apsnet.org/edcenter/resources/commonnames/Pages/BananaandPlantain.aspx,,,,leaf_speckle,,,
Acrodontium simplex,Plant Pathogen undefined,Beauveria simplex,blotch_diseases,Plant necrotroph,NA,,,,,,,
Acrophialophora fusispora,Plant Pathogen undefined,Acrophialophora fusispora,wilts,NA,https://www.apsnet.org/edcenter/resources/commonnames/Pages/Chickpea.aspx,,,,,,,
Acrophialophora fusispora,Plant Pathogen undefined,Paecilomyces fusisporus,wilts,NA,NA,,,,,,,
Alternaria humuli,Plant Pathogen undefined,Alternaria humuli,blights,Plant necrotroph,https://www.apsnet.org/edcenter/resources/commonnames/Pages/DiseasesofHop.aspx,,,,,,,
Alternaria saponariae,Plant Pathogen undefined,Alternaria saponariae,blights,Plant necrotroph,https://www.apsnet.org/edcenter/resources/commonnames/Pages/Carnation.aspx,,,,,,,
Alternaria saponariae,Plant Pathogen undefined,Macrosporium saponariae,blights,Plant necrotroph,NA,,,,,,,
Ascochyta humuli,Plant Pathogen undefined,Ascochyta humuli,leaf_spots,Plant necrotroph,https://www.apsnet.org/edcenter/resources/commonnames/Pages/DiseasesofHop.aspx,,,,This is a synonym of Ascohyta humuliphila,,,
Ascochyta humuliphila,Plant Pathogen undefined,Ascochyta humuliphila,leaf_spots,Plant necrotroph,https://www.apsnet.org/edcenter/resources/commonnames/Pages/DiseasesofHop.aspx,,,,,,,
Ascochyta maydis,Plant Pathogen undefined,Ascochyta maydis,leaf_spots,Plant necrotroph,https://www.apsnet.org/edcenter/resources/commonnames/Pages/Corn.aspx,,,,,,,
Ascochyta paspali,Plant Pathogen undefined,Ascochyta paspali,blights,Plant necrotroph,https://www.apsnet.org/edcenter/resources/commonnames/Pages/Turfgrasses.aspx,,,,,,,
Ascochyta paspali,Plant Pathogen undefined,Ascochytula paspali,blights,Plant necrotroph,NA,,,,,,,
Ascochyta prasadii,Plant Pathogen undefined,Ascochyta prasadii,leaf_spots cankers,Plant necrotroph,https://www.apsnet.org/edcenter/resources/commonnames/Pages/Hemp.aspx,,,,,,,
Aspergillus parasiticus,Plant Pathogen undefined,Aspergillus parasiticus,molds,Plant necrotroph,https://www.apsnet.org/edcenter/resources/commonnames/Pages/Peanut.aspx,,,,,,,
Aspergillus parasiticus,Plant Pathogen undefined,Kurosawaia fawcettii,molds,Plant necrotroph,NA,,,,,,,
Cephalotrichum stemonitis,Plant Pathogen undefined,Doratomyces stemonitis,rots,Plant necrotroph,https://www.apsnet.org/edcenter/resources/commonnames/Documents/Archive/CornorMaize.aspx,,,,,,,
Cephalotrichum stemonitis,Plant Pathogen undefined,Cephalotrichum stemonitis,rots,Plant necrotroph,NA,,,,,,,
Cephalotrichum stemonitis,Plant Pathogen undefined,Stysanus stemonitis,rots,Plant necrotroph,NA,,,,,,,
Cephalotrichum stemonitis,Plant Pathogen undefined,Periconia stemonitis,rots,Plant necrotroph,NA,,,,,,,
Cephalotrichum stemonitis,Plant Pathogen undefined,Stysanus stemonitis var. stemonitis,rots,Plant necrotroph,NA,,,,,,,
Cephalotrichum stemonitis,Plant Pathogen undefined,Isaria stemonitis,rots,Plant necrotroph,NA,,,,,,,
Cercospora cannabis,Plant Pathogen undefined,Cercospora cannabis,leaf_spots,Plant necrotroph,https://www.apsnet.org/edcenter/resources/commonnames/Pages/Hemp.aspx,,,,,,,
Cercospora chrysanthemi,Plant Pathogen undefined,Cercospora chrysanthemi,leaf_spots,Plant necrotroph,https://www.apsnet.org/edcenter/resources/commonnames/Pages/Chrysanthemum.aspx,,,,,,,
Cercospora coryli,Plant Pathogen undefined,Cercospora coryli,leaf_spots,Plant necrotroph,https://www.apsnet.org/edcenter/resources/commonnames/Pages/Hazelnut.aspx,,,,,,,
Cercospora corylina,Plant Pathogen undefined,Cercospora corylina,leaf_spots,Plant necrotroph,https://www.apsnet.org/edcenter/resources/commonnames/Pages/Hazelnut.aspx,,,,,,,
Cercospora fragariae,Plant Pathogen undefined,Cercospora fragariae,leaf_spots,Plant necrotroph,https://www.apsnet.org/edcenter/resources/commonnames/Pages/Strawberry.aspx,,,,,,,
Cercospora medicaginis,Plant Pathogen undefined,Cercospora medicaginis,leaf_spots summer_black_stem,Plant necrotroph,https://www.apsnet.org/edcenter/resources/commonnames/Pages/Alfalfa.aspx,,,,summer black stem,,,
Cercospora puderi,Plant Pathogen undefined,Cercospora puderi,leaf_spots,Plant necrotroph,https://www.apsnet.org/edcenter/resources/commonnames/Pages/Rose.aspx,,,,,,,
Cercospora regalis,Plant Pathogen undefined,Cercospora regalis,spots,Plant necrotroph,https://www.apsnet.org/edcenter/resources/commonnames/Pages/Passionfruit.aspx,,,,This is a synonym of Cercosporina regalis,,,
Cercospora truncatella,Plant Pathogen undefined,Cercospora truncatella,spots,Plant necrotroph,https://www.apsnet.org/edcenter/resources/commonnames/Pages/Passionfruit.aspx,,,,,,,
Cercospora vicosae,Plant Pathogen undefined,Cercospora vicosae,blight_leaf_spot,Plant necrotroph,https://www.apsnet.org/edcenter/resources/commonnames/Pages/Cassava.aspx,,,,,,,
Cercosporina regalis,Plant Pathogen undefined,Cercosporina regalis,spots,Plant necrotroph,https://www.apsnet.org/edcenter/resources/commonnames/Pages/Passionfruit.aspx,,,,,,,
Chaetoseptoria wellmanii,Plant Pathogen undefined,Chaetoseptoria wellmanii,leaf_spots,Plant necrotroph,https://www.apsnet.org/edcenter/resources/commonnames/Pages/Bean.aspx,,,,,,,
Chloridium phaeosporum,Plant Pathogen undefined,Chloridium phaeosporum,saprotroph,Saprotroph,"Gams, W.; Holubová-Jechová, V. 1976. Chloridium and some other Dematiaceous Hyphomycetes growing on decaying wood. Studies in Mycology. 13:1-99",,,,,,,
Coleosporium ipomoeae,Plant Pathogen undefined,Coleosporium ipomoeae,rusts,Rust,https://www.apsnet.org/edcenter/resources/commonnames/Pages/Sweetpotato.aspx,,,,,,,
Coleosporium ipomoeae,Plant Pathogen undefined,Uredo ipomoeae,rusts,Rust,NA,,,,,,,
Coleosporium ipomoeae,Plant Pathogen undefined,Caeoma ipomoeae,rusts,Rust,NA,,,,,,,
Coleosporium tussilaginis,Plant Pathogen undefined,Uredo tremellosa var. campanulae,rusts,Rust,"De Nooij, M. P., Paul, N. D., & Ayres, P. G. (1995). Variation in susceptibility and tolerance within and between populations of Tussilago farfara L. infected by Coleosporium tussilaginis (Pers.) Berk. New phytologist, 129(1), 117-123.",,,,,,,
Curvularia senegalensis,Plant Pathogen undefined,Curvularia senegalensis,blights,Plant necrotroph,https://www.apsnet.org/edcenter/resources/commonnames/Pages/Sugarcane.aspx,,,,,,,
Curvularia senegalensis,Plant Pathogen undefined,Brachysporium senegalense,blights,Plant necrotroph,NA,,,,,,,
Cylindrocarpon musae,Plant Pathogen undefined,Cylindrocarpon musae,rots,Plant necrotroph,https://www.apsnet.org/edcenter/resources/commonnames/Pages/BananaandPlantain.aspx,,,,,,,
Cytospora sacchari,Plant Pathogen undefined,Cytospora sacchari,rots,Plant necrotroph,https://www.apsnet.org/edcenter/resources/commonnames/Pages/Sugarcane.aspx,,,,,,,
Dactylaria humicola,Plant Pathogen undefined,Dactylaria humicola,leaf_spots,Plant necrotroph,https://www.apsnet.org/edcenter/resources/commonnames/Pages/FoliagePlants.aspx,,,,,,,
Dactylaria humicola,Plant Pathogen undefined,Dactylaria pseudoampulliformis,leaf_spots,Plant necrotroph,NA,,,,,,,
Daedaleopsis confragosa,Plant Pathogen undefined,Daedaleopsis confragosa,rots,Plant necrotroph,https://www.apsnet.org/edcenter/resources/commonnames/Pages/Cherry.aspx,,,,Wood rots (Pathogenicity has not been proven for these fungi),,,
Daedaleopsis confragosa,Plant Pathogen undefined,Agaricus confragosus,rots,Plant necrotroph,NA,,,,,,,
Daedaleopsis confragosa,Plant Pathogen undefined,Daedalea confragosa,rots,Plant necrotroph,NA,,,,,,,
Daedaleopsis confragosa,Plant Pathogen undefined,Trametes confragosa,rots,Plant necrotroph,NA,,,,,,,
Daedaleopsis confragosa,Plant Pathogen undefined,Boletus confragosus,rots,Plant necrotroph,NA,,,,,,,
Daedaleopsis confragosa,Plant Pathogen undefined,Striglia confragosa,rots,Plant necrotroph,NA,,,,,,,
Daedaleopsis confragosa,Plant Pathogen undefined,Lenzites confragosa,rots,Plant necrotroph,NA,,,,,,,
Daedaleopsis confragosa,Plant Pathogen undefined,Ischnoderma confragosum,rots,Plant necrotroph,NA,,,,,,,
Daedaleopsis confragosa,Plant Pathogen undefined,Polyporus confragosus,rots,Plant necrotroph,NA,,,,,,,
Dendrophora erumpens,Plant Pathogen undefined,Dendrophora erumpens,rots,Plant necrotroph,https://www.apsnet.org/edcenter/resources/commonnames/Pages/Cherry.aspx,,,,Wood rots (Pathogenicity has not been proven for these fungi),,,
Dendrophora erumpens,Plant Pathogen undefined,Peniophora erumpens,rots,Plant necrotroph,NA,,,,,,,
Dendrophora erumpens,Plant Pathogen undefined,Stereum erumpens,rots,Plant necrotroph,NA,,,,,,,
Dendrophora erumpens,Plant Pathogen undefined,Stereum versiforme f. erumpens,rots,Plant necrotroph,NA,,,,,,,
Dictyochaeta triseptata,Plant Pathogen undefined,Dictyochaeta triseptata,saprotroph endophyt,Endophyte,"CRUZ, A. C. R. D., et al. Conidial fungi from semi-arid Caatinga biome of Brazil. New and interesting Dictyochaeta species. Mycotaxon, 2009, 106: 15-27.                 PEREIRA, ISABELLA, et al. Checklist of endophytic fungi from tropical regions. 2012",,,,2 paper,,,
Dictyochaeta triseptata,Plant Pathogen undefined,Codinaea triseptata,saprotroph endophyt,Endophyte,NA,,,,,,,
Dilophospora alopecuri,Plant Pathogen undefined,Dilophospora alopecuri,leaf_spots,Plant necrotroph,https://www.apsnet.org/edcenter/resources/commonnames/Pages/Wheat.aspx,,,,,,,
Dilophospora alopecuri,Plant Pathogen undefined,Sphaeria alopecuri,leaf_spots,Plant necrotroph,NA,,,,,,,
Dimeriella sacchari,Plant Pathogen undefined,Dimeriella sacchari,leaf_spots,Plant necrotroph,https://www.apsnet.org/edcenter/resources/commonnames/Pages/Sugarcane.aspx,,,,,,,
Dimeriella sacchari,Plant Pathogen undefined,Coleroa sacchari,leaf_spots,Plant necrotroph,NA,,,,,,,
Diplocarpon mespili,Plant Pathogen undefined,Fabraea maculata,leaf_spots fruit_spots,Plant necrotroph,https://www.apsnet.org/edcenter/resources/commonnames/Pages/Pear.aspx,,,,,,,
Diplocarpon mespili,Plant Pathogen undefined,Diplocarpon maculatum,leaf_spots fruit_spots,Plant necrotroph,NA,,,,,,,
Dothidella ulmi,Plant Pathogen undefined,Platychora ulmi,spots,Plant necrotroph,https://www.apsnet.org/edcenter/resources/commonnames/Pages/Elm.aspx,,,,,,,
Dothidella ulmi,Plant Pathogen undefined,Systremma ulmi,spots,Plant necrotroph,NA,,,,,,,
Dothidella ulmi,Plant Pathogen undefined,Euryachora ulmi,spots,Plant necrotroph,NA,,,,,,,
Dothidella ulmi,Plant Pathogen undefined,Sphaeria ulmi,spots,Plant necrotroph,NA,,,,,,,
Elsinoe fawcettii,Plant Pathogen undefined,Kurosawaia fawcettii,scab,Plant necrotroph,https://www.apsnet.org/edcenter/resources/commonnames/Pages/Citrus.aspx,,,,,,,
Elsinoe fawcettii,Plant Pathogen undefined,Sphaceloma citri var. scabiosae,scab,Plant necrotroph,NA,,,,,,,
Epichloe typhina,Plant Pathogen undefined,Nemania typhina,sterilizing,NA,"SCHARDL, Christopher L., et al. Origin of a fungal symbiont of perennial ryegrass by interspecific hybridization of a mutualist with the ryegrass choke pathogen, Epichloe typhina. Genetics, 1994, 136. Jg., Nr. 4, S. 1307-1317.",,,,,,,
Fusarium polyphialidicum,Plant Pathogen undefined,Fusarium polyphialidicum,saprotroph rots,Plant necrotroph,"MARASAS, W. F. O., et al. Fusarium polyphialidicum, a new species from South Africa. Mycologia, 1986, 78.4: 678-682.                           OCAMB, C. M.; JUZWIK, Jennifer; MARTIN, F. B. Fusarium spp. and Pinus strobus seedlings: root disease pathogens and taxa associated with seed. New forests, 2002, 24.1: 67-79.",,,,2 paper,,,
Fusicladium britannicum,Plant Pathogen undefined,Fusicladium britannicum,endophyte,Endophyte,NA,,,,,,,
Fusicladium britannicum,Plant Pathogen undefined,Cladosporium britannicum,endophyte,Endophyte,"PEREIRA, ISABELLA, et al. Checklist of endophytic fungi from tropical regions. 2012",,,,,,,
Graphium penicillioides,Plant Pathogen undefined,Graphium penicillioides,associated_with_bark_beetles,NA,"JACOBS, Karin; KIRISITS, Thomas; WINGFIELD, Michael J. Taxonomic re-evaluation of three related species of Graphium, based on morphology, ecology and phylogeny. Mycologia, 2003, 95. Jg., Nr. 4, S. 714-727.",,,,,,,
Graphium rigidum,Plant Pathogen undefined,Graphium rigidum,wood_stains,NA,https://www.apsnet.org/edcenter/resources/commonnames/Pages/DiseasesofSweetgum.aspx,,,,,,,
Graphium rigidum,Plant Pathogen undefined,Ceratopodium rigidum,wood_stains,NA,NA,,,,,,,
Graphium rigidum,Plant Pathogen undefined,Stilbum rigidum,wood_stains,NA,NA,,,,,,,
Gymnosporangium libocedri,Plant Pathogen undefined,Gymnosporangium libocedri,rusts,Rust,https://www.apsnet.org/edcenter/resources/commonnames/Pages/Conifer.aspx,,,,,,,
Gymnosporangium libocedri,Plant Pathogen undefined,Phragmidium libocedri,rusts,Rust,NA,,,,,,,
Haplobasidion musae,Plant Pathogen undefined,Haplobasidion musae,leaf_spots,Plant necrotroph,https://www.apsnet.org/edcenter/resources/commonnames/Pages/BananaandPlantain.aspx,,,,,,,
Hericium coralloides,Plant Pathogen undefined,Hericium coralloides,saprotroph,Saprotroph,"Boddy et al., 2011, Fungal Ecology, 4(2), 163–173. ",,,,,,,
Hericium coralloides,Plant Pathogen undefined,Hydnum coralloides,saprotroph rots,Saprotroph,NA,,,,,,,
Hericium coralloides,Plant Pathogen undefined,Dryodon coralloides,saprotroph rots,Saprotroph,NA,,,,,,,
Hericium coralloides,Plant Pathogen undefined,Friesites coralloides,saprotroph rots,Saprotroph,NA,,,,,,,
Hericium coralloides,Plant Pathogen undefined,Manina coralloides,saprotroph rots,Saprotroph,NA,,,,,,,
Hericium coralloides,Plant Pathogen undefined,Medusina coralloides,saprotroph rots,Saprotroph,NA,,,,,,,
Hericium coralloides,Plant Pathogen undefined,Merisma coralloides,saprotroph rots,Saprotroph,NA,,,,,,,
Hyphodermella corrugata,Plant Pathogen undefined,Hyphodermella corrugata,rots,Plant necrotroph,https://www.apsnet.org/edcenter/resources/commonnames/Pages/Cherry.aspx,,,,Wood rots (Pathogenicity has not been proven for these fungi),,,
Hyphodermella corrugata,Plant Pathogen undefined,Grandinia corrugata,rots,Plant necrotroph,NA,,,,,,,
Hyphodermella corrugata,Plant Pathogen undefined,Odontia corrugata,rots,Plant necrotroph,NA,,,,,,,
Hypoxylon fuscum,Plant Pathogen undefined,Hypoxylon fuscum,saprotroph,Saprotroph,"Rogers, J. D. (1966). Notes on the conidial stage of Hypoxylon fuscum. Mycologia, 58(3), 459-465.",,,,,,,
Mariannaea elegans,Plant Pathogen undefined,Mariannaea elegans,rots,Plant necrotroph,https://www.apsnet.org/edcenter/resources/commonnames/Documents/Archive/CornorMaize.aspx,,,,,,,
Melanospora zamiae,Plant Pathogen undefined,Melanospora zamiae,hyperparasite,Hyperparasite,"Jordan, E. G., & Barnett, H. L. (1978). Nutrition and parasitism of Melanospora zamiae. Mycologia, 70(2), 300-312.",,,,,,,
Microdochium panattonianum,Plant Pathogen undefined,Marssonina panattoniana,anthracnose,Plant necrotroph,https://www.apsnet.org/edcenter/resources/commonnames/Pages/Lettuce.aspx,,,,,,,
Microdochium panattonianum,Plant Pathogen undefined,Marssonia panattoniana,anthracnose,Plant necrotroph,NA,,,,,,,
Microdochium panattonianum,Plant Pathogen undefined,Microdochium panattonianum,anthracnose,Plant necrotroph,NA,,,,,,,
Monascus ruber,Plant Pathogen undefined,Monascus ruber,rots post_harvest_disease,NA,"Bhadwal, J. Y. O. T. I., & Sharma, Y. P. (2011). Unrecorded post harvest fungal rots of fresh apricots from India. Proceedings of the National Academy of Sciences, India, Section B, 88, 288-290.",,,,,,,
Nectria australiensis,Plant Pathogen undefined,Nectria australiensis,saprotroph,Saprotroph,"Hirooka Y, et al. 2012. Studies in Mycology 71:1-210",,,,On bark of Hoheria populnea (Malvaceae). The paper is about saprotrophic nectria.,,,
Nectria berberidicola,Plant Pathogen undefined,Nectria berberidicola,saprotroph,Saprotroph,"Hirooka Y, et al. 2012. Studies in Mycology 71:1-210",,,,On Berberis vulgaris (Berberidaceae),,,
Nectria canadensis,Plant Pathogen undefined,Nectria canadensis,saprotroph,Saprotroph,"Hirooka Y, et al. 2012. Studies in Mycology 71:1-210",,,,,,,
Nectria canadensis,Plant Pathogen undefined,Scoleconectria canadensis,saprotroph,Saprotroph,NA,,,,,,,
Nectria eustromatica,Plant Pathogen undefined,Nectria eustromatica,saprotroph,Saprotroph,"Hirooka Y, et al. 2012. Studies in Mycology 71:1-210",,,,,,,
Nectria mariae,Plant Pathogen undefined,Nectria mariae,saprotroph,Saprotroph,"Hirooka Y, et al. 2012. Studies in Mycology 71:1-210",,,,,,,
Nectria pyriformis,Plant Pathogen undefined,Nectria pyriformis,saprotroph,Saprotroph,"Hirooka Y, et al. 2012. Studies in Mycology 71:1-210",,,,,,,
Neocoleroa metrosideri,Plant Pathogen undefined,Neocoleroa metrosideri,leaf_spots,Plant necrotroph,"Johnston, P. R., & Park, D. (2016). Neocoleroa metrosideri sp. nov.(Sympoventuriaceae, Venturiales). Phytotaxa, 253(3), 214-218.",,,,,,,
Neurospora crassa,Plant Pathogen undefined,Neurospora crassa,saprotroph,Saprotroph,"Galagan, James E., et al. ""The genome sequence of the filamentous fungus Neurospora crassa."" Nature 422.6934 (2003): 859-868.",,,,,,,
Ochrocladosporium elatum,Plant Pathogen undefined,Hormodendrum elatum,endophyte,Endophyte,NA,,,,,,,
Ochrocladosporium elatum,Plant Pathogen undefined,Cadophora elatum,endophyte,Endophyte,NA,,,,,,,
Ochrocladosporium elatum,Plant Pathogen undefined,Ochrocladosporium elatum,endophyte,Endophyte,NA,,,,,,,
Ochrocladosporium elatum,Plant Pathogen undefined,Cladosporium elatum,endophyte,Endophyte,"PS Rocha et al., 2020, Diversity, Chemical Constituents and Biological Activities of Endophytic Fungi Isolated from Schinus terebinthifolius Raddi, MDPI",,,,,,,
Paecilomyces fulvus,Plant Pathogen undefined,Byssochlamys fulva,rots,Plant necrotroph,https://www.apsnet.org/edcenter/resources/commonnames/Pages/Strawberry.aspx,,,,,,,
Paecilomyces fulvus,Plant Pathogen undefined,Paecilomyces fulvus,rots,Plant necrotroph,https://www.apsnet.org/edcenter/resources/commonnames/Pages/Strawberry.aspx,,,,,,,
Penicillium citrinum,Plant Pathogen undefined,Penicillium steckii,green_mould_rot,NA,NA,,,,,,,
Penicillium citrinum,Plant Pathogen undefined,Penicillium citrinum,green_mould_rot,NA,"WANG, Kaituo, et al. Methyl jasmonate induces resistance against Penicillium citrinum in Chinese bayberry by priming of defense responses. Postharvest Biology and Technology, 2014, 98. Jg., S. 90-97.",,,,,,,
Phacidiopycnis padwickii,Plant Pathogen undefined,Operculella padwickii,rots,Plant necrotroph,https://www.apsnet.org/edcenter/resources/commonnames/Pages/Chickpea.aspx,,,,,,,
Phacidiopycnis padwickii,Plant Pathogen undefined,Phacidiopycnis padwickii,rots,Plant necrotroph,https://www.apsnet.org/edcenter/resources/commonnames/Pages/Chickpea.aspx,,,,,,,
Phaeoseptoria musae,Plant Pathogen undefined,Phaeoseptoria musae,leaf_spots,Plant necrotroph,https://www.apsnet.org/edcenter/resources/commonnames/Pages/BananaandPlantain.aspx,,,,,,,
Phialophora asteris,Plant Pathogen undefined,Phialophora asteris,yellows,NA,https://www.apsnet.org/edcenter/resources/commonnames/Pages/Sunflower.aspx,,,,,,,
Phialophora asteris,Plant Pathogen undefined,Cephalosporium asteris,yellows,NA,NA,,,,,,,
Phragmidium rosae-pimpinellifoliae,Plant Pathogen undefined,Phragmidium rosae-pimpinellifoliae,rusts,Rust,https://www.apsnet.org/edcenter/resources/commonnames/Pages/Rose.aspx,,,,,,,
Phyllachora sacchari,Plant Pathogen undefined,Phyllachora sacchari,leaf_spots,Plant necrotroph,https://www.apsnet.org/edcenter/resources/commonnames/Pages/Sorghum.aspx,,,,,,,
Phyllosticta colocasiicola,Plant Pathogen undefined,Phyllosticta colocasiicola,endophytic,Endophyte,"Petrini, O., & Dreyfuss, M. (1981). Endophytische pilze in epiphytischen Araceae, Bromeliaceae und Orchidaceae. Sydowia, 34, 135-148.",,,,,,,
Pleurotus ostreatus,Plant Pathogen undefined,Pleurotus pulmonarius,rots saprotroph,Saprotroph,"Pham, M. T., Huang, C. M., & Kirschner, R. (2020). Antagonism against soil nematodes and plant pathogens and test of oxide solubilization in a subtropical wood-decay mushroom. Tropical Ecology, 1-7.",,,,,,,
Polythrincium trifolii,Plant Pathogen undefined,Phyllachora trifolii,blotch_diseases,Plant necrotroph,https://www.apsnet.org/edcenter/resources/commonnames/Pages/RedClover.aspx,,,,,,,
Polythrincium trifolii,Plant Pathogen undefined,Sphaeria trifolii,blotch_diseases,Plant necrotroph,NA,,,,,,,
Polythrincium trifolii,Plant Pathogen undefined,Sphaerella killianii,blotch_diseases,Plant necrotroph,NA,,,,,,,
Polythrincium trifolii,Plant Pathogen undefined,Didymella trifoliorum,blotch_diseases,Plant necrotroph,NA,,,,,,,
Polythrincium trifolii,Plant Pathogen undefined,Dothidea trifolii,blotch_diseases,Plant necrotroph,NA,,,,,,,
Polythrincium trifolii,Plant Pathogen undefined,Placosphaeria trifolii,blotch_diseases,Plant necrotroph,NA,,,,,,,
Polythrincium trifolii,Plant Pathogen undefined,Polystigma trifolii,blotch_diseases,Plant necrotroph,NA,,,,,,,
Pseudocercospora calospilea,Plant Pathogen undefined,Pseudocercospora calospilea,spots,Plant necrotroph,https://www.apsnet.org/edcenter/resources/commonnames/Pages/Passionfruit.aspx,,,,,,,
Pseudocercospora calospilea,Plant Pathogen undefined,Cercospora calospilea,spots,Plant necrotroph,https://www.apsnet.org/edcenter/resources/commonnames/Pages/Passionfruit.aspx,,,,,,,
Pseudoepicoccum cocos,Plant Pathogen undefined,Pseudoepicoccum cocos,leaf_spots,Plant necrotroph,https://www.apsnet.org/edcenter/resources/commonnames/Pages/CoconutPalm.aspx,,,,,,,
Pseudoepicoccum cocos,Plant Pathogen undefined,Epicoccum cocos,leaf_spots,Plant necrotroph,NA,,,,,,,
Puccinia brachypodii,Plant Pathogen undefined,Puccinia brachypodii var. poae-nemoralis,rusts,Rust,https://www.apsnet.org/edcenter/resources/commonnames/Pages/Turfgrasses.aspx,,,,,,,
Puccinia brachypodii,Plant Pathogen undefined,Puccinia poae-nemoralis,rusts,Rust,NA,,,,,,,
Puccinia brachypodii,Plant Pathogen undefined,Puccinia brachypodii var. major,rusts,Rust,NA,,,,,,,
Puccinia calcitrapae,Plant Pathogen undefined,Puccinia syngenesiarum,rusts,Rust,"Research Items. Nature 146, 779–780 (1940)",,,,,,,
Puccinia campanulae,Plant Pathogen undefined,Puccinia campanulae,rusts,Rust,https://www.apsnet.org/edcenter/resources/commonnames/Pages/Bellflower.aspx,,,,,,,
Puccinia campanulae,Plant Pathogen undefined,Micropuccinia campanulae,rusts,Rust,NA,,,,,,,
Puccinia campanulae,Plant Pathogen undefined,Dicaeoma campanulae,rusts,Rust,NA,,,,,,,
Puccinia carthami,Plant Pathogen undefined,Puccinia carthami,rusts,Rust,https://www.apsnet.org/edcenter/resources/commonnames/Pages/Safflower.aspx,,,,,,,
Puccinia carthami,Plant Pathogen undefined,Bullaria carthami,rusts,Rust,NA,,,,,,,
Puccinia schedonnardi,Plant Pathogen undefined,Puccinia schedonnardi,rusts,Rust,https://www.apsnet.org/edcenter/resources/commonnames/Pages/Cotton.aspx,,,,,,,
Puccinia schedonnardi,Plant Pathogen undefined,Dicaeoma schedonnardi,rusts,Rust,NA,,,,,,,
Resinicium bicolor,Plant Pathogen undefined,Resinicium bicolor,rots,Plant necrotroph,https://www.apsnet.org/edcenter/resources/commonnames/Pages/Douglas-fir.aspx,,,,,,,
Resinicium bicolor,Plant Pathogen undefined,Odontia bicolor,rots,Plant necrotroph,NA,,,,,,,
Resinicium bicolor,Plant Pathogen undefined,Acia bicolor,rots,Plant necrotroph,NA,,,,,,,
Resinicium bicolor,Plant Pathogen undefined,Mycoacia bicolor,rots,Plant necrotroph,NA,,,,,,,
Resinicium bicolor,Plant Pathogen undefined,Odontia subgelatinosa,rots,Plant necrotroph,NA,,,,,,,
Rickenella fibula,Plant Pathogen undefined,Mycena alba,bryophilous,NA,"Korotkin et al., 2018, American Journal of Botany 105(11): 1869–1887",,,,,,,
Rosellinia arcuata,Plant Pathogen undefined,Rosellinia arcuata,rots,Plant necrotroph,https://www.apsnet.org/edcenter/resources/commonnames/Pages/Tea.aspx,,,,,,,
Scopulariopsis brumptii,Plant Pathogen undefined,Scopulariopsis brumptii,rots,Plant necrotroph,https://www.apsnet.org/edcenter/resources/commonnames/Documents/Archive/CornorMaize.aspx,,,,,,,
Septoria humuli,Plant Pathogen undefined,Septoria humuli,leaf_spots,Plant necrotroph,https://www.apsnet.org/edcenter/resources/commonnames/Pages/DiseasesofHop.aspx,,,,,,,
Septoria lupulina,Plant Pathogen undefined,Septoria lupulina,leaf_spots,Plant necrotroph,https://www.apsnet.org/edcenter/resources/commonnames/Pages/DiseasesofHop.aspx,,,,,,,
Septoria tenella,Plant Pathogen undefined,Septoria tenella,leaf_spots,Plant necrotroph,https://www.apsnet.org/edcenter/resources/commonnames/Pages/Turfgrasses.aspx,,,,,,,
Stagonospora sacchari,Plant Pathogen undefined,Stagonospora sacchari,leaf_scorch,Plant necrotroph,https://www.apsnet.org/edcenter/resources/commonnames/Pages/Sugarcane.aspx,,,,,,,
Stemphylium sarciniforme,Plant Pathogen undefined,Stemphylium sarciniforme,blights,Plant necrotroph,https://www.apsnet.org/edcenter/resources/commonnames/Pages/DiseasesofLentil.aspx,,,,,,,
Stemphylium sarciniforme,Plant Pathogen undefined,Macrosporium sarciniforme,blights,Plant necrotroph,NA,,,,,,,
Stemphylium sarciniforme,Plant Pathogen undefined,Thyrospora sarciniforme,blights,Plant necrotroph,NA,,,,,,,
Stemphylium vesicarium,Plant Pathogen undefined,Ampullina herbarum,leaf_spots,Plant necrotroph,https://www.apsnet.org/edcenter/resources/commonnames/Pages/Alfalfa.aspx,,,,,,,
Stemphylium vesicarium,Plant Pathogen undefined,Exormatostoma herbarum,leaf_spots,Plant necrotroph,NA,,,,,,,
Stemphylium vesicarium,Plant Pathogen undefined,Sporidesmium putrefaciens,leaf_spots,Plant necrotroph,NA,,,,,,,
Thermomyces lanuginosus,Plant Pathogen undefined,Thermomyces lanuginosus,endophyte,Endophyte,"Ali, A.H., Radwan, U., El-Zayat, S. et al. The role of the endophytic fungus, Thermomyces lanuginosus, on mitigation of heat stress to its host desert plant Cullen plicata. BIOLOGIA FUTURA 70, 1–7 (2019)",,,,,,,
Thermomyces lanuginosus,Plant Pathogen undefined,Sepedonium lanuginosum,endophyte,Endophyte,NA,,,,,,,
Thermomyces lanuginosus,Plant Pathogen undefined,Monotospora lanuginosa,endophyte,Endophyte,NA,,,,,,,
Tilletiaria anomala,Plant Pathogen undefined,Tilletiaria anomala,saprotroph,Saprotroph,"Bandoni, R. J., & Johri, B. N. (1972). Tilletiaria: a new genus in the Ustilaginales. Canadian Journal of Botany, 50(1), 39-43.",,,,,,,
Tranzschelia pruni-spinosae,Plant Pathogen undefined,Tranzschelia pruni-spinosae var. pruni-spinosae,rusts,Rust,"LAUNDON, G. F., et al. Tranzschelia pruni-spinosae var. prunispinosae. CMI Descriptions of pathogenic fungi and bacteria, 1971.",,,,,,,
Uromyces appendiculatus,Plant Pathogen undefined,Uromyces appendiculatus,rusts,Rust,https://www.apsnet.org/edcenter/resources/commonnames/Pages/Bean.aspx,,,,,,,
Uromyces appendiculatus,Plant Pathogen undefined,Uredo appendiculata,rusts,Rust,NA,,,,,,,
Uromyces appendiculatus,Plant Pathogen undefined,Erysibe appendiculata,rusts,Rust,NA,,,,,,,
Uromyces appendiculatus,Plant Pathogen undefined,Nigredo appendiculata,rusts,Rust,NA,,,,,,,
Uromyces appendiculatus,Plant Pathogen undefined,Puccinia phaseoli,rusts,Rust,NA,,,,,,,
Zygosporium gibbum,Plant Pathogen undefined,Zygosporium gibbum,hyperparasite,Hyperpasite,"Manimohan, P., & Mannethody, S. (2011). Zygosporium gibbum: a new and remarkable rust hyperparasite. Mycosphere, 2(3), 219-222.",,,,,,,
Zygosporium gibbum,Plant Pathogen undefined,Clasterosporium gibbum,hyperparasite,Hyperpasite,NA,,,,,,,
Zygosporium gibbum,Plant Pathogen undefined,Pimina parasitica,hyperparasite,Hyperpasite,NA,,,,,,,
Zygosporium gibbum,Plant Pathogen undefined,Zygosporium parasiticum,hyperparasite,Hyperpasite,NA,,,,,,,
Zygosporium gibbum,Plant Pathogen undefined,Urophiala parasitica,hyperparasite,Hyperpasite,NA,,,,,,,
